train_sample_size,N,n_components,rho,model,R2,MSE
5000,500,5,0.01,linreg,0.9999960058051087,1.1204785094252776
5000,500,5,0.01,pcr,0.00856676528641398,278123.5426065239
5000,500,5,0.01,pls,0.9999164245559873,23.44514764067706
5000,500,50,0.01,linreg,0.9999960058051087,1.1204785094252776
5000,500,50,0.01,pcr,0.12746532518584042,244769.31608657516
5000,500,50,0.01,pls,0.9999960058051087,1.1204785094251721
5000,500,125,0.01,linreg,0.9999960058051087,1.1204785094252776
5000,500,125,0.01,pcr,0.2775021661310678,202679.96880215293
5000,500,125,0.01,pls,0.9999960051658108,1.1206578496111264
5000,500,250,0.01,linreg,0.9999960058051087,1.1204785094252776
5000,500,250,0.01,pcr,0.4741076752120563,147526.8644205349
5000,500,250,0.01,pls,0.9999959872434929,1.1256855391709293
2500,500,5,0.01,linreg,0.9999955864568164,1.2388953476588234
2500,500,5,0.01,pcr,0.014096269858329125,276746.2543568641
2500,500,5,0.01,pls,0.9988131199284712,333.1609406926438
2500,500,50,0.01,linreg,0.9999955864568164,1.2388953476588234
2500,500,50,0.01,pcr,0.11512270570354732,248387.81848080692
2500,500,50,0.01,pls,0.9999955864568164,1.2388953476590028
2500,500,125,0.01,linreg,0.9999955864568164,1.2388953476588234
2500,500,125,0.01,pcr,0.26522794266932004,206252.80994030996
2500,500,125,0.01,pls,0.9999955863115348,1.2389361286222262
2500,500,250,0.01,linreg,0.9999955864568164,1.2388953476588234
2500,500,250,0.01,pcr,0.5220792680871256,134153.84118424353
2500,500,250,0.01,pls,0.999995564540889,1.2450472168848734
1500,500,5,0.01,linreg,0.9999949144613408,1.4268934438953147
1500,500,5,0.01,pcr,0.018710087624050686,275328.9742472406
1500,500,5,0.01,pls,0.9907267812265518,2601.866971894006
1500,500,50,0.01,linreg,0.9999949144613408,1.4268934438953147
1500,500,50,0.01,pcr,0.11373860096143851,248666.00464830388
1500,500,50,0.01,pls,0.9999949144613408,1.4268934438922642
1500,500,125,0.01,linreg,0.9999949144613408,1.4268934438953147
1500,500,125,0.01,pcr,0.2936821800934081,198177.6826550362
1500,500,125,0.01,pls,0.999994914461269,1.426893464056957
1500,500,250,0.01,linreg,0.9999949144613408,1.4268934438953147
1500,500,250,0.01,pcr,0.5415068493573745,128643.3777355048
1500,500,250,0.01,pls,0.9999949013044304,1.4305849917398223
1000,500,5,0.01,linreg,0.9999932017527509,1.907915233388035
1000,500,5,0.01,pcr,0.021521070663157338,274608.2609859691
1000,500,5,0.01,pls,0.96273456700066,10458.473293618626
1000,500,50,0.01,linreg,0.9999932017527509,1.907915233388035
1000,500,50,0.01,pcr,0.11096591238235898,249505.73531858233
1000,500,50,0.01,pls,0.9999932017496669,1.9079160989209292
1000,500,125,0.01,linreg,0.9999932017527509,1.907915233388035
1000,500,125,0.01,pcr,0.27258513182861543,204147.60704071965
1000,500,125,0.01,pls,0.9999932017527509,1.9079152333883493
1000,500,250,0.01,linreg,0.9999932017527509,1.907915233388035
1000,500,250,0.01,pcr,0.5240072418729884,133586.46735475695
1000,500,250,0.01,pls,0.9999931125877557,1.9329392206433391
500,500,5,0.01,linreg,0.9984988717360882,421.1951192278942
500,500,5,0.01,pcr,0.0021458334834969506,279983.6061594888
500,500,5,0.01,pls,0.8034998688779924,55135.126122101705
500,500,50,0.01,linreg,0.9984988717360882,421.1951192278942
500,500,50,0.01,pcr,0.1201038878402334,246886.2633386931
500,500,50,0.01,pls,0.9839926578055533,4491.431256208517
500,500,125,0.01,linreg,0.9984988717360882,421.1951192278942
500,500,125,0.01,pcr,0.2811567134846067,201697.14410746994
500,500,125,0.01,pls,0.9939953130795562,1684.8292608865336
500,500,250,0.01,linreg,0.9984988717360882,421.1951192278942
500,500,250,0.01,pcr,0.5428963921954957,128256.73409612522
500,500,250,0.01,pls,0.996799202697672,898.0979399223039
5000,500,5,0.1,linreg,0.9999958990199461,1.1230753101727362
5000,500,5,0.1,pcr,0.008413855161516715,271551.1664423911
5000,500,5,0.1,pls,0.9999223767095398,21.257553039937424
5000,500,50,0.1,linreg,0.9999958990199461,1.1230753101727362
5000,500,50,0.1,pcr,0.07786337154431677,252532.045127741
5000,500,50,0.1,pls,0.9999958990199461,1.123075310172805
5000,500,125,0.1,linreg,0.9999958990199461,1.1230753101727362
5000,500,125,0.1,pcr,0.22130714186727918,213249.2018237538
5000,500,125,0.1,pls,0.9999958990199447,1.1230753105772235
5000,500,250,0.1,linreg,0.9999958990199461,1.1230753101727362
5000,500,250,0.1,pcr,0.46525523239038946,146442.71317143913
5000,500,250,0.1,pls,0.999995895344538,1.1240818403329302
2500,500,5,0.1,linreg,0.9999954967970852,1.2323194232431043
2500,500,5,0.1,pcr,0.009630447856090019,271018.57464090316
2500,500,5,0.1,pls,0.9985497105319057,396.8774924559991
2500,500,50,0.1,linreg,0.9999954967970852,1.2323194232431043
2500,500,50,0.1,pcr,0.09200632070889048,248476.08876072118
2500,500,50,0.1,pls,0.9999954967970852,1.2323194232430899
2500,500,125,0.1,linreg,0.9999954967970852,1.2323194232431043
2500,500,125,0.1,pcr,0.25006407180109425,205222.9553023824
2500,500,125,0.1,pls,0.9999954988850444,1.2317480448863356
2500,500,250,0.1,linreg,0.9999954967970852,1.2323194232431043
2500,500,250,0.1,pcr,0.4435918754589433,152263.300608643
2500,500,250,0.1,pls,0.9999954865158168,1.235132933293066
1500,500,5,0.1,linreg,0.9999944063304491,1.5308878207187842
1500,500,5,0.1,pcr,0.010594637296455711,270782.6420104479
1500,500,5,0.1,pls,0.9888653733367463,3047.349185006609
1500,500,50,0.1,linreg,0.9999944063304491,1.5308878207187842
1500,500,50,0.1,pcr,0.098773281758749,246649.716097094
1500,500,50,0.1,pls,0.9999944063304493,1.5308878206705074
1500,500,125,0.1,linreg,0.9999944063304491,1.5308878207187842
1500,500,125,0.1,pcr,0.23554098989429917,209218.82806404145
1500,500,125,0.1,pls,0.9999944063291513,1.5308881759170376
1500,500,250,0.1,linreg,0.9999944063304491,1.5308878207187842
1500,500,250,0.1,pcr,0.4755629630014906,143529.08504412204
1500,500,250,0.1,pls,0.9999943994874175,1.532760636706327
1000,500,5,0.1,linreg,0.9999927871312342,1.9740379494829177
1000,500,5,0.1,pcr,0.011529685295848857,270527.300097207
1000,500,5,0.1,pls,0.9539819324131682,12594.352500795569
1000,500,50,0.1,linreg,0.9999927871312342,1.9740379494829177
1000,500,50,0.1,pcr,0.08546530184102341,250292.39528777436
1000,500,50,0.1,pls,0.999992787122235,1.9740404124137154
1000,500,125,0.1,linreg,0.9999927871312342,1.9740379494829177
1000,500,125,0.1,pcr,0.22425382667692528,212308.36648103347
1000,500,125,0.1,pls,0.9999927871312342,1.9740379494833904
1000,500,250,0.1,linreg,0.9999927871312342,1.9740379494829177
1000,500,250,0.1,pcr,0.4607877351381785,147573.10970540173
1000,500,250,0.1,pls,0.9999927657924091,1.9798780183635745
500,500,5,0.1,linreg,0.9919711753144478,2196.1464333002077
500,500,5,0.1,pcr,0.01472043484889074,269506.22134070937
500,500,5,0.1,pls,0.7788927303126377,60480.07780945205
500,500,50,0.1,linreg,0.9919711753144478,2196.1464333002077
500,500,50,0.1,pcr,0.08637094733660422,249907.46017617892
500,500,50,0.1,pls,0.9759409028354669,6580.950823523726
500,500,125,0.1,linreg,0.9919711753144478,2196.1464333002077
500,500,125,0.1,pcr,0.2732132917225851,198799.96134747606
500,500,125,0.1,pls,0.9936229672028457,1744.327268436995
500,500,250,0.1,linreg,0.9919711753144478,2196.1464333002077
500,500,250,0.1,pcr,0.5021524729284674,136177.59930328766
500,500,250,0.1,pls,0.996038971592938,1083.4709623220276
5000,500,5,0.2,linreg,0.9999974248569483,1.0958113127291897
5000,500,5,0.2,pcr,0.3524881813302193,275538.3921578211
5000,500,5,0.2,pls,0.9999333708794825,28.352966245451434
5000,500,50,0.2,linreg,0.9999974248569483,1.0958113127291897
5000,500,50,0.2,pcr,0.40681181686035806,252421.83002171674
5000,500,50,0.2,pls,0.9999974248569483,1.095811312729152
5000,500,125,0.2,linreg,0.9999974248569483,1.0958113127291897
5000,500,125,0.2,pcr,0.4993130306797564,213059.4045129369
5000,500,125,0.2,pls,0.9999974236353203,1.096331157197139
5000,500,250,0.2,linreg,0.9999974248569483,1.0958113127291897
5000,500,250,0.2,pcr,0.6840782724645192,134435.484176453
5000,500,250,0.2,pls,0.9999974127027249,1.1009833498983919
2500,500,5,0.2,linreg,0.9999971287134624,1.2218113948857534
2500,500,5,0.2,pcr,0.3520474991864794,275721.61066179577
2500,500,5,0.2,pls,0.9990260407246533,414.4464598569149
2500,500,50,0.2,linreg,0.9999971287134624,1.2218113948857534
2500,500,50,0.2,pcr,0.4228157371504372,245607.7789679271
2500,500,50,0.2,pls,0.9999971287134624,1.2218113948857299
2500,500,125,0.2,linreg,0.9999971287134624,1.2218113948857534
2500,500,125,0.2,pcr,0.508399510203099,209189.52960093413
2500,500,125,0.2,pls,0.9999971287229826,1.2218073437282702
2500,500,250,0.2,linreg,0.9999971287134624,1.2218113948857534
2500,500,250,0.2,pcr,0.6787204602166614,136713.28078913735
2500,500,250,0.2,pls,0.9999971212507616,1.2249869792953025
1500,500,5,0.2,linreg,0.9999964981195175,1.4896118804319844
1500,500,5,0.2,pcr,0.35279028152301883,275306.73608282383
1500,500,5,0.2,pls,0.9937800425547433,2645.8134572782997
1500,500,50,0.2,linreg,0.9999964981195175,1.4896118804319844
1500,500,50,0.2,pcr,0.4099321144565876,251000.03754351515
1500,500,50,0.2,pls,0.9999964981195176,1.4896118803932907
1500,500,125,0.2,linreg,0.9999964981195175,1.4896118804319844
1500,500,125,0.2,pcr,0.5202325309657952,204081.01455791396
1500,500,125,0.2,pls,0.9999964981198853,1.4896117239894315
1500,500,250,0.2,linreg,0.9999964981195175,1.4896118804319844
1500,500,250,0.2,pcr,0.6924798053905019,130811.35625825252
1500,500,250,0.2,pls,0.9999965090663372,1.484955378707257
1000,500,5,0.2,linreg,0.9999952881654025,2.0054255952539575
1000,500,5,0.2,pcr,0.34974728202912075,276757.050151278
1000,500,5,0.2,pls,0.9737275472064564,11181.939474346722
1000,500,50,0.2,linreg,0.9999952881654025,2.0054255952539575
1000,500,50,0.2,pcr,0.3984894479010286,256011.67274357044
1000,500,50,0.2,pls,0.9999952881619374,2.005427070060005
1000,500,125,0.2,linreg,0.9999952881654025,2.0054255952539575
1000,500,125,0.2,pcr,0.5136606188078356,206993.14096087965
1000,500,125,0.2,pls,0.9999952881654025,2.005425595253574
1000,500,250,0.2,linreg,0.9999952881654025,2.0054255952539575
1000,500,250,0.2,pcr,0.6815020967254022,135557.35755277882
1000,500,250,0.2,pls,0.9999952895563368,2.004833593329813
500,500,5,0.2,linreg,0.9949645119356033,2143.361584719424
500,500,5,0.2,pcr,0.34235141982505035,279928.9135364346
500,500,5,0.2,pls,0.8557138355205024,61415.5804158209
500,500,50,0.2,linreg,0.9949645119356033,2143.361584719424
500,500,50,0.2,pcr,0.4030600066356447,254088.23013725327
500,500,50,0.2,pls,0.9865220002507493,5736.926894069186
500,500,125,0.2,linreg,0.9949645119356033,2143.361584719424
500,500,125,0.2,pcr,0.5421804074819998,194871.46325954862
500,500,125,0.2,pls,0.9922514558726127,3298.1771792036093
500,500,250,0.2,linreg,0.9949645119356033,2143.361584719424
500,500,250,0.2,pcr,0.6772282910985972,137388.1682661461
500,500,250,0.2,pls,0.9946294304883578,2285.9894079995793
5000,500,5,0.5,linreg,0.9999944557945087,1.1074353846029865
5000,500,5,0.5,pcr,0.24851000540471369,150107.4612941389
5000,500,5,0.5,pls,0.9999099493042723,17.98730711076075
5000,500,50,0.5,linreg,0.9999944557945087,1.1074353846029865
5000,500,50,0.5,pcr,0.31460881256942463,136904.45897950523
5000,500,50,0.5,pls,0.9999944557945087,1.107435384603012
5000,500,125,0.5,linreg,0.9999944557945087,1.1074353846029865
5000,500,125,0.5,pcr,0.40699062382768625,118451.51980870482
5000,500,125,0.5,pls,0.9999944557945099,1.107435384370193
5000,500,250,0.5,linreg,0.9999944557945087,1.1074353846029865
5000,500,250,0.5,pcr,0.5893335285951317,82029.17125251307
5000,500,250,0.5,pls,0.9999944423271774,1.110125436284297
2500,500,5,0.5,linreg,0.9999937368113646,1.2504674740271389
2500,500,5,0.5,pcr,0.2490907475863523,149921.65344977687
2500,500,5,0.5,pls,0.9990796894079131,183.74322224624783
2500,500,50,0.5,linreg,0.9999937368113646,1.2504674740271389
2500,500,50,0.5,pcr,0.31293636546721393,137174.65297341484
2500,500,50,0.5,pls,0.9999937368113646,1.250467474027217
2500,500,125,0.5,linreg,0.9999937368113646,1.2504674740271389
2500,500,125,0.5,pcr,0.40259082640746435,119274.82688909519
2500,500,125,0.5,pls,0.9999937271292775,1.252400536524944
2500,500,250,0.5,linreg,0.9999937368113646,1.2504674740271389
2500,500,250,0.5,pcr,0.594034231393785,81052.48281043435
2500,500,250,0.5,pls,0.9999937128602602,1.255249395622663
1500,500,5,0.5,linreg,0.9999927587554166,1.44530994895934
1500,500,5,0.5,pcr,0.2450452267447888,150684.54493352526
1500,500,5,0.5,pls,0.9936515152327674,1267.1203256893293
1500,500,50,0.5,linreg,0.9999927587554166,1.44530994895934
1500,500,50,0.5,pcr,0.30744434605832993,138230.04668925074
1500,500,50,0.5,pls,0.9999927587554167,1.4453099489418804
1500,500,125,0.5,linreg,0.9999927587554166,1.44530994895934
1500,500,125,0.5,pcr,0.41440259770306964,116881.8069708898
1500,500,125,0.5,pls,0.9999927587581385,1.445309405688858
1500,500,250,0.5,linreg,0.9999927587554166,1.44530994895934
1500,500,250,0.5,pcr,0.6172724053819473,76390.18318919664
1500,500,250,0.5,pls,0.9999927976485354,1.4375471105489026
1000,500,5,0.5,linreg,0.9999903943492072,1.9169766077102461
1000,500,5,0.5,pcr,0.24521245236463607,150631.13409263224
1000,500,5,0.5,pls,0.9655736104137354,6870.391704711877
1000,500,50,0.5,linreg,0.9999903943492072,1.9169766077102461
1000,500,50,0.5,pcr,0.30401501511976237,138896.04818255457
1000,500,50,0.5,pls,0.9999903943520906,1.9169760323024265
1000,500,125,0.5,linreg,0.9999903943492072,1.9169766077102461
1000,500,125,0.5,pcr,0.4129410246627463,117157.9466451786
1000,500,125,0.5,pls,0.9999903943492072,1.9169766077103545
1000,500,250,0.5,linreg,0.9999903943492072,1.9169766077102461
1000,500,250,0.5,pcr,0.6257371872708622,74690.7286781623
1000,500,250,0.5,pls,0.9999904344430588,1.9089751742622636
500,500,5,0.5,linreg,0.9954841692200203,901.1623813511677
500,500,5,0.5,pcr,0.24847880664368382,149970.77198802543
500,500,5,0.5,pls,0.8349219956895768,32942.35207674158
500,500,50,0.5,linreg,0.9954841692200203,901.1623813511677
500,500,50,0.5,pcr,0.2993775293189397,139813.6123492907
500,500,50,0.5,pls,0.9822850386270203,3535.131751878868
500,500,125,0.5,linreg,0.9954841692200203,901.1623813511677
500,500,125,0.5,pcr,0.4195841677963805,115825.6230152361
500,500,125,0.5,pls,0.9884683643126004,2301.2102940176355
500,500,250,0.5,linreg,0.9954841692200203,901.1623813511677
500,500,250,0.5,pcr,0.6571011237416409,68427.62338694373
500,500,250,0.5,pls,0.9952570369360434,946.4880544958968
5000,500,5,0.9,linreg,0.9999979970600723,1.1133671330772266
5000,500,5,0.9,pcr,0.9430761181820595,31642.076842948074
5000,500,5,0.9,pls,0.999993029864265,3.8744646972546746
5000,500,50,0.9,linreg,0.9999979970600723,1.1133671330772266
5000,500,50,0.9,pcr,0.9493945711365904,28129.86074786076
5000,500,50,0.9,pls,0.9999979970600723,1.1133671330771813
5000,500,125,0.9,linreg,0.9999979970600723,1.1133671330772266
5000,500,125,0.9,pcr,0.9565529655134359,24150.749385274656
5000,500,125,0.9,pls,0.999997997635972,1.1130470098024172
5000,500,250,0.9,linreg,0.9999979970600723,1.1133671330772266
5000,500,250,0.9,pcr,0.9706147797165044,16334.25846169676
5000,500,250,0.9,pls,0.9999979931516213,1.1155397099482174
2500,500,5,0.9,linreg,0.9999978079232855,1.2174479096473259
2500,500,5,0.9,pcr,0.9427645115475882,31787.76787929966
2500,500,5,0.9,pls,0.999909865292168,50.05952159937638
2500,500,50,0.9,linreg,0.9999978079232855,1.2174479096473259
2500,500,50,0.9,pcr,0.9492753929693081,28171.71789144367
2500,500,50,0.9,pls,0.9999978079232855,1.217447909647485
2500,500,125,0.9,linreg,0.9999978079232855,1.2174479096473259
2500,500,125,0.9,pcr,0.9574111768143438,23653.220445629428
2500,500,125,0.9,pls,0.9999978083705973,1.2171994791044647
2500,500,250,0.9,linreg,0.9999978079232855,1.2174479096473259
2500,500,250,0.9,pcr,0.9696884700740921,16834.58817954062
2500,500,250,0.9,pls,0.9999977891571517,1.2278703507257018
1500,500,5,0.9,linreg,0.999997411228123,1.4379208023786652
1500,500,5,0.9,pcr,0.9433567406982849,31462.22407131897
1500,500,5,0.9,pls,0.9994027107566655,331.7614177015966
1500,500,50,0.9,linreg,0.999997411228123,1.4379208023786652
1500,500,50,0.9,pcr,0.9504519099366281,27521.24667784607
1500,500,50,0.9,pls,0.999997411228123,1.4379208023815335
1500,500,125,0.9,linreg,0.999997411228123,1.4379208023786652
1500,500,125,0.9,pcr,0.9574220744052241,23649.702578365315
1500,500,125,0.9,pls,0.99999741152079,1.43775824189503
1500,500,250,0.9,linreg,0.999997411228123,1.4379208023786652
1500,500,250,0.9,pcr,0.9710895337242907,16058.178487358553
1500,500,250,0.9,pls,0.9999974029860553,1.4424988189545438
1000,500,5,0.9,linreg,0.9999966294606378,1.8720340530350557
1000,500,5,0.9,pcr,0.943563634109526,31345.368626301868
1000,500,5,0.9,pls,0.9976206350366779,1321.5250609258114
1000,500,50,0.9,linreg,0.9999966294606378,1.8720340530350557
1000,500,50,0.9,pcr,0.9496034339205897,27990.798421085812
1000,500,50,0.9,pls,0.9999966294610898,1.8720338020307024
1000,500,125,0.9,linreg,0.9999966294606378,1.8720340530350557
1000,500,125,0.9,pcr,0.9579413526585653,23359.828083179786
1000,500,125,0.9,pls,0.9999966294606378,1.8720340530351114
1000,500,250,0.9,linreg,0.9999966294606378,1.8720340530350557
1000,500,250,0.9,pcr,0.9687983131082568,17329.754706073774
1000,500,250,0.9,pls,0.999996627535951,1.8731030449256483
500,500,5,0.9,linreg,0.9898807583161486,5620.982073446095
500,500,5,0.9,pcr,0.942889208342466,31723.59610894606
500,500,5,0.9,pls,0.9865133918445971,7491.468732690534
500,500,50,0.9,linreg,0.9898807583161486,5620.982073446095
500,500,50,0.9,pcr,0.9479699084512282,28901.3960741863
500,500,50,0.9,pls,0.9992672295414184,407.03540248579685
500,500,125,0.9,linreg,0.9898807583161486,5620.982073446095
500,500,125,0.9,pcr,0.9576120417081786,23545.43562968108
500,500,125,0.9,pls,0.9997841160881388,119.91803698632386
500,500,250,0.9,linreg,0.9898807583161486,5620.982073446095
500,500,250,0.9,pcr,0.9716816933355575,15730.101037630024
500,500,250,0.9,pls,0.9996390604424396,200.49276873013878
5000,500,5,0.99,linreg,0.9999262076062856,1.1118710401793819
5000,500,5,0.99,pcr,0.7871361362119168,3207.3382327531644
5000,500,5,0.99,pls,0.9999077085924272,1.390605971324773
5000,500,50,0.99,linreg,0.9999262076062856,1.1118710401793819
5000,500,50,0.99,pcr,0.8090524217742981,2877.1133681225847
5000,500,50,0.99,pls,0.9999262076062856,1.1118710401793677
5000,500,125,0.99,linreg,0.9999262076062856,1.1118710401793819
5000,500,125,0.99,pcr,0.8446716074136302,2340.419286339419
5000,500,125,0.99,pls,0.9999262071087167,1.1118785373263214
5000,500,250,0.99,linreg,0.9999262076062856,1.1118710401793819
5000,500,250,0.99,pcr,0.9064207003801656,1410.0113571355803
5000,500,250,0.99,pls,0.9999258823797311,1.116771409570374
2500,500,5,0.99,linreg,0.9999189460566636,1.2220094853662518
2500,500,5,0.99,pcr,0.7850158476178968,3241.207800640876
2500,500,5,0.99,pls,0.9996187658531304,5.747675244957038
2500,500,50,0.99,linreg,0.9999189460566636,1.2220094853662518
2500,500,50,0.99,pcr,0.8060164869712207,2924.591736916051
2500,500,50,0.99,pls,0.9999189460566636,1.2220094853662082
2500,500,125,0.99,linreg,0.9999189460566636,1.2220094853662518
2500,500,125,0.99,pcr,0.8408876430849067,2398.856877110386
2500,500,125,0.99,pls,0.9999189434103485,1.2220493825276162
2500,500,250,0.99,linreg,0.9999189460566636,1.2220094853662518
2500,500,250,0.99,pcr,0.8970470530601693,1552.1697344800386
2500,500,250,0.99,pls,0.9999181987270412,1.2332765977326232
1500,500,5,0.99,linreg,0.9999041088384565,1.445470041057427
1500,500,5,0.99,pcr,0.7842738044630404,3251.8716814021554
1500,500,5,0.99,pls,0.9974469382170928,38.485030953430595
1500,500,50,0.99,linreg,0.9999041088384565,1.445470041057427
1500,500,50,0.99,pcr,0.8116054517851652,2839.8725279768523
1500,500,50,0.99,pls,0.9999041088384564,1.4454700410590218
1500,500,125,0.99,linreg,0.9999041088384565,1.445470041057427
1500,500,125,0.99,pcr,0.8427556242636054,2370.3126606584774
1500,500,125,0.99,pls,0.9999041841177206,1.4443352761923076
1500,500,250,0.99,linreg,0.9999041088384565,1.445470041057427
1500,500,250,0.99,pcr,0.9013242214772983,1487.4455511514789
1500,500,250,0.99,pls,0.9999041406981647,1.4449897855994056
1000,500,5,0.99,linreg,0.9998728393333722,1.917118749023902
1000,500,5,0.99,pcr,0.7850109445053777,3241.250302108944
1000,500,5,0.99,pls,0.9906090716894227,141.5809244508432
1000,500,50,0.99,linreg,0.9998728393333722,1.917118749023902
1000,500,50,0.99,pcr,0.8133171504926122,2814.4960261919687
1000,500,50,0.99,pls,0.9998728393437262,1.9171185929242076
1000,500,125,0.99,linreg,0.9998728393333722,1.917118749023902
1000,500,125,0.99,pcr,0.8356861861955105,2477.2526090184915
1000,500,125,0.99,pls,0.9998728393333725,1.9171187490207449
1000,500,250,0.99,linreg,0.9998728393333722,1.917118749023902
1000,500,250,0.99,pcr,0.8966115250333493,1558.720861158543
1000,500,250,0.99,pls,0.9998728991446763,1.916217012854137
500,500,5,0.99,linreg,0.9715835923758758,428.3465978029996
500,500,5,0.99,pcr,0.7851470101442174,3238.6763467735605
500,500,5,0.99,pls,0.9514206187888677,732.2816078798703
500,500,50,0.99,linreg,0.9715835923758758,428.3465978029996
500,500,50,0.99,pcr,0.8022017123306193,2981.59516484799
500,500,50,0.99,pls,0.9950444250797693,74.69992988968146
500,500,125,0.99,linreg,0.9715835923758758,428.3465978029996
500,500,125,0.99,pcr,0.8331950047778405,2514.404816578562
500,500,125,0.99,pls,0.9966768626390754,50.092700013763576
500,500,250,0.99,linreg,0.9715835923758758,428.3465978029996
500,500,250,0.99,pcr,0.8887001207996316,1677.7252502138551
500,500,250,0.99,pls,0.9966401653062199,50.64587259930088
1000,100,1,0.01,linreg,0.9999827250615786,1.1071125179894095
1000,100,1,0.01,pcr,0.022689535780832326,62633.6616954176
1000,100,1,0.01,pls,0.8850918022800007,7364.211727513635
1000,100,10,0.01,linreg,0.9999827250615786,1.1071125179894095
1000,100,10,0.01,pcr,0.13216049875038582,55617.91029283262
1000,100,10,0.01,pls,0.999982725750216,1.1070683847418403
1000,100,25,0.01,linreg,0.9999827250615786,1.1071125179894095
1000,100,25,0.01,pcr,0.30562634099130737,44500.86890587775
1000,100,25,0.01,pls,0.9999827250615785,1.1071125179903645
1000,100,50,0.01,linreg,0.9999827250615786,1.1071125179894095
1000,100,50,0.01,pcr,0.5375989491227413,29634.258558145273
1000,100,50,0.01,pls,0.9999827250615786,1.1071125179893528
500,100,1,0.01,linreg,0.9999802691210689,1.2647013446968316
500,100,1,0.01,pcr,0.012988586085002751,63265.03075536177
500,100,1,0.01,pls,0.8198133905436293,11549.523367460662
500,100,10,0.01,linreg,0.9999802691210689,1.2647013446968316
500,100,10,0.01,pcr,0.13618216379837966,55368.62208873306
500,100,10,0.01,pls,0.9999798090829882,1.2941886666324982
500,100,25,0.01,linreg,0.9999802691210689,1.2647013446968316
500,100,25,0.01,pcr,0.25714591818282306,47615.13967350852
500,100,25,0.01,pls,0.9999802691209585,1.2647013517708532
500,100,50,0.01,linreg,0.9999802691210689,1.2647013446968316
500,100,50,0.01,pcr,0.4826854047294735,33158.60720411685
500,100,50,0.01,pls,0.9999802691210689,1.2647013446967201
300,100,1,0.01,linreg,0.9999756304076373,1.5618515405756888
300,100,1,0.01,pcr,0.005780651067234244,63719.696196965655
300,100,1,0.01,pls,0.7603618279396979,15358.453380805457
300,100,10,0.01,linreg,0.9999756304076373,1.5618515405756888
300,100,10,0.01,pcr,0.1133912838654556,56822.91146145797
300,100,10,0.01,pls,0.9999641810569223,2.2956424791567973
300,100,25,0.01,linreg,0.9999756304076373,1.5618515405756888
300,100,25,0.01,pcr,0.36054938629813915,40982.504395819444
300,100,25,0.01,pls,0.9999756302979474,1.5618585706101904
300,100,50,0.01,linreg,0.9999756304076373,1.5618515405756888
300,100,50,0.01,pcr,0.5568533661598911,28401.347156752287
300,100,50,0.01,pls,0.9999756304076373,1.5618515405758264
200,100,1,0.01,linreg,0.9999686459493194,2.009879211640551
200,100,1,0.01,pcr,0.004405383136206642,63820.300095946484
200,100,1,0.01,pls,0.6765533567700066,20733.802178431022
200,100,10,0.01,linreg,0.9999686459493194,2.009879211640551
200,100,10,0.01,pcr,0.09629657255326085,57929.82702042545
200,100,10,0.01,pls,0.9996014105206978,25.550660633623906
200,100,25,0.01,linreg,0.9999686459493194,2.009879211640551
200,100,25,0.01,pcr,0.2732864884964066,46584.29606021412
200,100,25,0.01,pls,0.9999685702326326,2.0147328554773236
200,100,50,0.01,linreg,0.9999686459493194,2.009879211640551
200,100,50,0.01,pcr,0.5873408622133478,26452.563688863025
200,100,50,0.01,pls,0.9999686459497636,2.009879183166315
100,100,1,0.01,linreg,0.7039627847053531,18978.345610805303
100,100,1,0.01,pcr,-0.004423754599416796,64391.5702811812
100,100,1,0.01,pls,0.5000805618242288,32048.821516633696
100,100,10,0.01,linreg,0.7039627847053531,18978.345610805303
100,100,10,0.01,pcr,0.06706985687521261,59808.25981401681
100,100,10,0.01,pls,0.8869053070485013,7250.271447950144
100,100,25,0.01,linreg,0.7039627847053531,18978.345610805303
100,100,25,0.01,pcr,0.15920750048327914,53901.502305780275
100,100,25,0.01,pls,0.9343008769354559,4211.837564424938
100,100,50,0.01,linreg,0.7039627847053531,18978.345610805303
100,100,50,0.01,pcr,0.5072999005803858,31586.00434731443
100,100,50,0.01,pls,0.983855087173286,1035.0176249858935
1000,100,1,0.1,linreg,0.9999812645541734,1.1088215900475158
1000,100,1,0.1,pcr,0.13748173830632526,51046.49652995755
1000,100,1,0.1,pls,0.3365012683021186,39267.90563105305
1000,100,10,0.1,linreg,0.9999812645541734,1.1088215900475158
1000,100,10,0.1,pcr,0.20835705088609047,46851.87647570117
1000,100,10,0.1,pls,0.9999812717021184,1.108398552570617
1000,100,25,0.1,linreg,0.9999812645541734,1.1088215900475158
1000,100,25,0.1,pcr,0.27910103098764216,42665.02908341745
1000,100,25,0.1,pls,0.9999812645541735,1.1088215900436929
1000,100,50,0.1,linreg,0.9999812645541734,1.1088215900475158
1000,100,50,0.1,pcr,0.46560549056212486,31627.118732631592
1000,100,50,0.1,pls,0.9999812645541734,1.1088215900473428
500,100,1,0.1,linreg,0.9999794041038109,1.218110142207438
500,100,1,0.1,pcr,0.14020237525751156,50851.30539266232
500,100,1,0.1,pls,0.3264438783088687,39836.36039175063
500,100,10,0.1,linreg,0.9999794041038109,1.218110142207438
500,100,10,0.1,pcr,0.1956304196819305,47573.10557769032
500,100,10,0.1,pls,0.9999792487090098,1.2273007101564335
500,100,25,0.1,linreg,0.9999794041038109,1.218110142207438
500,100,25,0.1,pcr,0.30160634269776343,41305.33526701819
500,100,25,0.1,pls,0.9999794041032377,1.218110176112623
500,100,50,0.1,linreg,0.9999794041038109,1.218110142207438
500,100,50,0.1,pcr,0.49845373092889467,29663.122766504224
500,100,50,0.1,pls,0.9999794041038109,1.2181101422074943
300,100,1,0.1,linreg,0.9999750926673696,1.4728060917530517
300,100,1,0.1,pcr,0.13596050211369248,51091.88747296242
300,100,1,0.1,pls,0.3444403002854106,38764.17975284972
300,100,10,0.1,linreg,0.9999750926673696,1.4728060917530517
300,100,10,0.1,pcr,0.19417533719662228,47649.5612707574
300,100,10,0.1,pls,0.9999608211542759,2.316701009566753
300,100,25,0.1,linreg,0.9999750926673696,1.4728060917530517
300,100,25,0.1,pcr,0.2877817390617379,42114.481262793815
300,100,25,0.1,pls,0.9999750929964429,1.472786633180686
300,100,50,0.1,linreg,0.9999750926673696,1.4728060917530517
300,100,50,0.1,pcr,0.53003891496279,27789.46903715727
300,100,50,0.1,pls,0.9999750926673696,1.4728060917531773
200,100,1,0.1,linreg,0.9999668504030745,1.9602105723317798
200,100,1,0.1,pcr,0.1297548394437389,51459.56278381671
200,100,1,0.1,pls,0.35636433781843835,38059.63108920299
200,100,10,0.1,linreg,0.9999668504030745,1.9602105723317798
200,100,10,0.1,pcr,0.18147186894011103,48401.417967866306
200,100,10,0.1,pls,0.9990335555515565,57.148044052278124
200,100,25,0.1,linreg,0.9999668504030745,1.9602105723317798
200,100,25,0.1,pcr,0.2742511714854601,42915.16816060586
200,100,25,0.1,pls,0.9999668193963084,1.9620440724830104
200,100,50,0.1,linreg,0.9999668504030745,1.9602105723317798
200,100,50,0.1,pcr,0.530605251964105,27756.37211416054
200,100,50,0.1,pls,0.9999668504031791,1.9602105661479188
100,100,1,0.1,linreg,0.9305198522316106,4108.06919478517
100,100,1,0.1,pcr,0.12086832588936058,51979.361941094365
100,100,1,0.1,pls,0.2890722843604543,42034.16863869328
100,100,10,0.1,linreg,0.9305198522316106,4108.06919478517
100,100,10,0.1,pcr,0.1753475228288469,48758.23593759499
100,100,10,0.1,pls,0.9303160625980355,4120.11841953203
100,100,25,0.1,linreg,0.9305198522316106,4108.06919478517
100,100,25,0.1,pcr,0.24354746228745927,44725.860080967854
100,100,25,0.1,pls,0.9639144097952603,2133.589323815116
100,100,50,0.1,linreg,0.9305198522316106,4108.06919478517
100,100,50,0.1,pcr,0.5456294388371746,26865.022100305217
100,100,50,0.1,pls,0.9723250463866179,1636.3037221110858
1000,100,1,0.2,linreg,0.9999828642474377,1.1057442399216495
1000,100,1,0.2,pcr,-0.0053789426387103045,64875.58516716145
1000,100,1,0.2,pls,0.22254619671291487,50167.9200643553
1000,100,10,0.2,linreg,0.9999828642474377,1.1057442399216495
1000,100,10,0.2,pcr,0.09664965826257388,58291.833601920815
1000,100,10,0.2,pls,0.9999828596001685,1.106044121184563
1000,100,25,0.2,linreg,0.9999828642474377,1.1057442399216495
1000,100,25,0.2,pcr,0.2757246175103777,46736.39686331615
1000,100,25,0.2,pls,0.9999828642474377,1.1057442399224007
1000,100,50,0.2,linreg,0.9999828642474377,1.1057442399216495
1000,100,50,0.2,pcr,0.527467490678253,30491.80935926154
1000,100,50,0.2,pls,0.9999828642474377,1.1057442399215516
500,100,1,0.2,linreg,0.9999811713983177,1.2156013101321554
500,100,1,0.2,pcr,-0.0014341036501497317,64654.010369318625
500,100,1,0.2,pls,0.43225463662553865,36654.44833259699
500,100,10,0.2,linreg,0.9999811713983177,1.2156013101321554
500,100,10,0.2,pcr,0.04133258401070894,61892.93217415009
500,100,10,0.2,pls,0.9999801791679346,1.2796611152074329
500,100,25,0.2,linreg,0.9999811713983177,1.2156013101321554
500,100,25,0.2,pcr,0.15747698845443492,54394.48419652227
500,100,25,0.2,pls,0.9999811713986122,1.215601291120211
500,100,50,0.2,linreg,0.9999811713983177,1.2156013101321554
500,100,50,0.2,pcr,0.5679129460286843,27896.154890356385
500,100,50,0.2,pls,0.9999811713983177,1.2156013101322805
300,100,1,0.2,linreg,0.9999765844161143,1.5115443240420905
300,100,1,0.2,pcr,-0.0041793598985881975,64822.71034459065
300,100,1,0.2,pls,0.2367862121604244,49267.67893847071
300,100,10,0.2,linreg,0.9999765844161143,1.5115443240420905
300,100,10,0.2,pcr,0.07325194540031821,59824.293452710415
300,100,10,0.2,pls,0.9999494432669153,3.263584769406868
300,100,25,0.2,linreg,0.9999765844161143,1.5115443240420905
300,100,25,0.2,pcr,0.20069147228129736,51597.69981082192
300,100,25,0.2,pls,0.9999765847294969,1.511524094275537
300,100,50,0.2,linreg,0.9999765844161143,1.5115443240420905
300,100,50,0.2,pcr,0.5025889766105653,32109.334227538784
300,100,50,0.2,pls,0.9999765844161143,1.5115443240421003
200,100,1,0.2,linreg,0.9999667795000019,2.144333336097659
200,100,1,0.2,pcr,-0.008977246772372771,65127.96453219205
200,100,1,0.2,pls,0.12261514869188872,56633.87322149264
200,100,10,0.2,linreg,0.9999667795000019,2.144333336097659
200,100,10,0.2,pcr,0.10442062880051473,57808.30212953421
200,100,10,0.2,pls,0.9980951014147015,122.95834013860065
200,100,25,0.2,linreg,0.9999667795000019,2.144333336097659
200,100,25,0.2,pcr,0.2363027090705324,49295.51210009249
200,100,25,0.2,pls,0.9999670805567732,2.124900574072385
200,100,50,0.2,linreg,0.9999667795000019,2.144333336097659
200,100,50,0.2,pcr,0.4294531092387347,36827.944122941335
200,100,50,0.2,pls,0.9999667795013811,2.144333247067891
100,100,1,0.2,linreg,0.9968814061227398,201.2950577881129
100,100,1,0.2,pcr,-0.011779143703549488,65307.041960698676
100,100,1,0.2,pls,0.030829320104005298,62556.80466723634
100,100,10,0.2,linreg,0.9968814061227398,201.2950577881129
100,100,10,0.2,pcr,0.07220919991473462,59885.86846149877
100,100,10,0.2,pls,0.8852561714420205,7406.339686878144
100,100,25,0.2,linreg,0.9968814061227398,201.2950577881129
100,100,25,0.2,pcr,0.2636336273072196,47530.04635365878
100,100,25,0.2,pls,0.9217652829003081,5049.795683384815
100,100,50,0.2,linreg,0.9968814061227398,201.2950577881129
100,100,50,0.2,pcr,0.5235659637719086,30752.26227886105
100,100,50,0.2,pls,0.9411888808758054,3796.0658196021996
1000,100,1,0.5,linreg,0.9999832352963953,1.099897918259451
1000,100,1,0.5,pcr,0.508739878130423,32230.571927189874
1000,100,1,0.5,pls,0.517578383029751,31650.695696238156
1000,100,10,0.5,linreg,0.9999832352963953,1.099897918259451
1000,100,10,0.5,pcr,0.5472176211433278,29706.12589836565
1000,100,10,0.5,pls,0.999983231174251,1.100168363718885
1000,100,25,0.5,linreg,0.9999832352963953,1.099897918259451
1000,100,25,0.5,pcr,0.6485506336731715,23057.87418089968
1000,100,25,0.5,pls,0.9999832352963953,1.0998979182570334
1000,100,50,0.5,linreg,0.9999832352963953,1.099897918259451
1000,100,50,0.5,pcr,0.7073845545594792,19197.900951914144
1000,100,50,0.5,pls,0.9999832352963953,1.0998979182595785
500,100,1,0.5,linreg,0.9999801196381638,1.3048140335207652
500,100,1,0.5,pcr,0.504893497066783,32495.480637419154
500,100,1,0.5,pls,0.5165896390351419,31727.824077439418
500,100,10,0.5,linreg,0.9999801196381638,1.3048140335207652
500,100,10,0.5,pcr,0.5767243487882003,27780.98378178506
500,100,10,0.5,pls,0.9999797623823646,1.328261915608491
500,100,25,0.5,linreg,0.9999801196381638,1.3048140335207652
500,100,25,0.5,pcr,0.6482773208528461,23084.725088955653
500,100,25,0.5,pls,0.9999801196385029,1.3048140112615663
500,100,50,0.5,linreg,0.9999801196381638,1.3048140335207652
500,100,50,0.5,pcr,0.7717232928893145,14982.556827555269
500,100,50,0.5,pls,0.9999801196381638,1.3048140335205605
300,100,1,0.5,linreg,0.9999760418198713,1.5722347003512942
300,100,1,0.5,pcr,0.5040427983931326,32546.759314294744
300,100,1,0.5,pls,0.5156999972080376,31781.765796954234
300,100,10,0.5,linreg,0.9999760418198713,1.5722347003512942
300,100,10,0.5,pcr,0.5617045387796464,28762.75783206437
300,100,10,0.5,pls,0.9999579799410057,2.7575297667452006
300,100,25,0.5,linreg,0.9999760418198713,1.5722347003512942
300,100,25,0.5,pcr,0.6538772201230314,22714.005912913297
300,100,25,0.5,pls,0.9999760417006238,1.5722425258698134
300,100,50,0.5,linreg,0.9999760418198713,1.5722347003512942
300,100,50,0.5,pcr,0.7964639621995191,13356.875175145602
300,100,50,0.5,pls,0.9999760418198713,1.5722347003512436
200,100,1,0.5,linreg,0.9999710694997094,1.8982845767595566
200,100,1,0.5,pcr,0.5033165341843908,32590.053860694636
200,100,1,0.5,pls,0.5127825843678371,31968.935771289427
200,100,10,0.5,linreg,0.9999710694997094,1.8982845767595566
200,100,10,0.5,pcr,0.5555007340463841,29165.969909385927
200,100,10,0.5,pls,0.9988706019534512,74.1058354071542
200,100,25,0.5,linreg,0.9999710694997094,1.8982845767595566
200,100,25,0.5,pcr,0.6615365198319987,22208.395905508838
200,100,25,0.5,pls,0.9999708578364316,1.9121729344335654
200,100,50,0.5,linreg,0.9999710694997094,1.8982845767595566
200,100,50,0.5,pcr,0.8053417281638575,12772.568446892421
200,100,50,0.5,pls,0.9999710694998177,1.8982845696459205
100,100,1,0.5,linreg,0.9921324310551607,516.3598081169957
100,100,1,0.5,pcr,0.4848889359884033,33807.47624034965
100,100,1,0.5,pls,0.5006418533549525,32773.58973160672
100,100,10,0.5,linreg,0.9921324310551607,516.3598081169957
100,100,10,0.5,pcr,0.5557616111572077,29156.00115224043
100,100,10,0.5,pls,0.9361953902951398,4187.587837510089
100,100,25,0.5,linreg,0.9921324310551607,516.3598081169957
100,100,25,0.5,pcr,0.6116420241712439,25488.489682848995
100,100,25,0.5,pls,0.9843524624079706,1026.9702833457336
100,100,50,0.5,linreg,0.9921324310551607,516.3598081169957
100,100,50,0.5,pcr,0.7541387776182319,16136.223845325554
100,100,50,0.5,pls,0.9950056652836091,327.7853341875379
1000,100,1,0.9,linreg,0.9999173030290747,1.127382256423077
1000,100,1,0.9,pcr,0.5829564493124819,5685.425886099639
1000,100,1,0.9,pls,0.5838710629565895,5672.957240848041
1000,100,10,0.9,linreg,0.9999173030290747,1.127382256423077
1000,100,10,0.9,pcr,0.6202565200460618,5176.92554518215
1000,100,10,0.9,pls,0.9999172976485505,1.127455607447116
1000,100,25,0.9,linreg,0.9999173030290747,1.127382256423077
1000,100,25,0.9,pcr,0.6905481714176258,4218.661177765948
1000,100,25,0.9,pls,0.9999173030290747,1.127382256423013
1000,100,50,0.9,linreg,0.9999173030290747,1.127382256423077
1000,100,50,0.9,pcr,0.79100328208981,2849.187688330368
1000,100,50,0.9,pls,0.9999173030290747,1.1273822564232203
500,100,1,0.9,linreg,0.9999022299734889,1.3331429734492206
500,100,1,0.9,pcr,0.5833756361665832,5680.880562602284
500,100,1,0.9,pls,0.5841070148147448,5670.907850713776
500,100,10,0.9,linreg,0.9999022299734889,1.3331429734492206
500,100,10,0.9,pcr,0.6143795533520064,5258.1267205499125
500,100,10,0.9,pls,0.9999031076761579,1.3211750607079549
500,100,25,0.9,linreg,0.9999022299734889,1.3331429734492206
500,100,25,0.9,pcr,0.6633059942898123,4590.990346758716
500,100,25,0.9,pls,0.9999022299734702,1.333142973703598
500,100,50,0.9,linreg,0.9999022299734889,1.3331429734492206
500,100,50,0.9,pcr,0.7528585498822481,3369.8966792749707
500,100,50,0.9,pls,0.9999022299734889,1.3331429734492537
300,100,1,0.9,linreg,0.9998840696211891,1.5811652096922162
300,100,1,0.9,pcr,0.5831324894471646,5685.622797909986
300,100,1,0.9,pls,0.5838885572595344,5675.310849192574
300,100,10,0.9,linreg,0.9998840696211891,1.5811652096922162
300,100,10,0.9,pcr,0.6040362586422979,5400.517953590305
300,100,10,0.9,pls,0.9998724572210694,1.7395458106939474
300,100,25,0.9,linreg,0.9998840696211891,1.5811652096922162
300,100,25,0.9,pcr,0.6462204504908895,4825.171118410733
300,100,25,0.9,pls,0.9998840711538135,1.5811443063516095
300,100,50,0.9,linreg,0.9998840696211891,1.5811652096922162
300,100,50,0.9,pcr,0.7530540619322514,3368.0759948580953
300,100,50,0.9,pls,0.9998840696211891,1.5811652096925723
200,100,1,0.9,linreg,0.9998498114588903,2.0481444152239607
200,100,1,0.9,pcr,0.5805885367771838,5719.5791352251
200,100,1,0.9,pls,0.5812482976123315,5710.581874449362
200,100,10,0.9,linreg,0.9998498114588903,2.0481444152239607
200,100,10,0.9,pcr,0.6001117582754154,5453.337937439001
200,100,10,0.9,pls,0.9995753747236564,5.790680712924822
200,100,25,0.9,linreg,0.9998498114588903,2.0481444152239607
200,100,25,0.9,pcr,0.6613638625619345,4618.033496845571
200,100,25,0.9,pls,0.9998497387546651,2.0491358940128404
200,100,50,0.9,linreg,0.9998498114588903,2.0481444152239607
200,100,50,0.9,pcr,0.7771251320434738,3039.3791212448896
200,100,50,0.9,pls,0.9998498114585868,2.048144419364153
100,100,1,0.9,linreg,0.9859743452882406,191.30714880473002
100,100,1,0.9,pcr,0.577648492733457,5760.790801501688
100,100,1,0.9,pls,0.5782775271039653,5752.21089743338
100,100,10,0.9,linreg,0.9859743452882406,191.30714880473002
100,100,10,0.9,pcr,0.5876158690007648,5624.83776587164
100,100,10,0.9,pls,0.9400356459141085,817.9018980462357
100,100,25,0.9,linreg,0.9859743452882406,191.30714880473002
100,100,25,0.9,pcr,0.6551924527384947,4703.1065649751745
100,100,25,0.9,pls,0.9840674460466354,217.3168762981292
100,100,50,0.9,linreg,0.9859743452882406,191.30714880473002
100,100,50,0.9,pcr,0.7482691895638982,3433.558332963802
100,100,50,0.9,pls,0.9928068769396016,98.1127720570959
1000,100,1,0.99,linreg,0.9999913185237171,1.1094801635138396
1000,100,1,0.99,pcr,0.9942363090884084,736.5913960610898
1000,100,1,0.99,pls,0.994239603680814,736.1703518974304
1000,100,10,0.99,linreg,0.9999913185237171,1.1094801635138396
1000,100,10,0.99,pcr,0.9951830227913158,615.6027485449224
1000,100,10,0.99,pls,0.9999913185549251,1.1094761751931457
1000,100,25,0.99,linreg,0.9999913185237171,1.1094801635138396
1000,100,25,0.99,pcr,0.9961815334262253,487.99452773094856
1000,100,25,0.99,pls,0.9999913185237171,1.1094801635137292
1000,100,50,0.99,linreg,0.9999913185237171,1.1094801635138396
1000,100,50,0.99,pcr,0.9972322952357071,353.7086820730425
1000,100,50,0.99,pls,0.9999913185230868,1.1094802440802511
500,100,1,0.99,linreg,0.9999897531954686,1.309428951403746
500,100,1,0.99,pcr,0.9942224977778257,738.3012580443544
500,100,1,0.99,pls,0.9942259112591926,737.865052658262
500,100,10,0.99,linreg,0.9999897531954686,1.309428951403746
500,100,10,0.99,pcr,0.9947421751116972,671.892208835875
500,100,10,0.99,pls,0.9999897525884515,1.3095065215173454
500,100,25,0.99,linreg,0.9999897531954686,1.309428951403746
500,100,25,0.99,pcr,0.9954918874810771,576.0872114167099
500,100,25,0.99,pls,0.9999897531954564,1.309428952954503
500,100,50,0.99,linreg,0.9999897531954686,1.309428951403746
500,100,50,0.99,pcr,0.9968048283755221,408.30780141731714
500,100,50,0.99,pls,0.9999897531954686,1.3094289514037305
300,100,1,0.99,linreg,0.9999867914283799,1.6876021291602836
300,100,1,0.99,pcr,0.9942376848268009,736.2261139855063
300,100,1,0.99,pls,0.994240551678619,735.8598287147363
300,100,10,0.99,linreg,0.9999867914283799,1.6876021291602836
300,100,10,0.99,pcr,0.994651151605786,683.3992499899133
300,100,10,0.99,pls,0.9999857811030282,1.8166870343042683
300,100,25,0.99,linreg,0.9999867914283799,1.6876021291602836
300,100,25,0.99,pcr,0.9953857531979904,589.5423783506086
300,100,25,0.99,pls,0.9999867914215776,1.6876029982502523
300,100,50,0.99,linreg,0.9999867914283799,1.6876021291602836
300,100,50,0.99,pcr,0.997579909234676,309.20454124648097
300,100,50,0.99,pls,0.9999867914283799,1.687602129160311
200,100,1,0.99,linreg,0.9999847134561298,1.9529248432660118
200,100,1,0.99,pcr,0.9942299873845848,737.1451047628912
200,100,1,0.99,pls,0.9942343753229113,736.5845258746047
200,100,10,0.99,linreg,0.9999847134561298,1.9529248432660118
200,100,10,0.99,pcr,0.994726896632637,673.6627098137885
200,100,10,0.99,pls,0.9999785080161115,2.7456977602937216
200,100,25,0.99,linreg,0.9999847134561298,1.9529248432660118
200,100,25,0.99,pcr,0.9959642748418985,515.582069355476
200,100,25,0.99,pls,0.9999847103691323,1.9533192211129062
200,100,50,0.99,linreg,0.9999847134561298,1.9529248432660118
200,100,50,0.99,pcr,0.9976067851867622,305.7439735073008
200,100,50,0.99,pls,0.9999847134562385,1.9529248293857266
100,100,1,0.99,linreg,0.9987685079416626,157.30934775854047
100,100,1,0.99,pcr,0.9941452232345183,747.8823009977319
100,100,1,0.99,pls,0.9941428449928347,748.1860947944615
100,100,10,0.99,linreg,0.9987685079416626,157.30934775854047
100,100,10,0.99,pcr,0.9947643133566707,668.8004566121153
100,100,10,0.99,pls,0.9989641443231372,132.31898638409632
100,100,25,0.99,linreg,0.9987685079416626,157.30934775854047
100,100,25,0.99,pcr,0.995704103315531,548.7527921083386
100,100,25,0.99,pls,0.9994984736003298,64.06439268664288
100,100,50,0.99,linreg,0.9987685079416626,157.30934775854047
100,100,50,0.99,pcr,0.997501348847802,319.1747607037534
100,100,50,0.99,pls,0.999742586354182,32.88171649473746
500,50,5,0.01,linreg,0.999956993944434,1.1457640368603303
500,50,5,0.01,pcr,0.05191668734370747,25258.76296476254
500,50,5,0.01,pls,0.999946744207232,1.4188367499681955
500,50,12,0.01,linreg,0.999956993944434,1.1457640368603303
500,50,12,0.01,pcr,0.1985607906848178,21351.88200079385
500,50,12,0.01,pls,0.9999569934136174,1.1457781788381662
500,50,25,0.01,linreg,0.999956993944434,1.1457640368603303
500,50,25,0.01,pcr,0.5133710329648615,12964.731649679272
500,50,25,0.01,pls,0.999956993944434,1.1457640368601898
250,50,5,0.01,linreg,0.9999532615704156,1.245484136475074
250,50,5,0.01,pcr,0.018837787212671375,26145.97842082516
250,50,5,0.01,pls,0.9997709495376245,6.103729198394446
250,50,12,0.01,linreg,0.9999532615704156,1.245484136475074
250,50,12,0.01,pcr,0.16430044208417516,22269.694371420323
250,50,12,0.01,pls,0.9999532465025203,1.2458856652562964
250,50,25,0.01,linreg,0.9999532615704156,1.245484136475074
250,50,25,0.01,pcr,0.3664343140926398,16883.237589073065
250,50,25,0.01,pls,0.9999532615704503,1.2454841355519355
150,50,5,0.01,linreg,0.9999506100506768,1.3160744596937817
150,50,5,0.01,pcr,0.027327993127080785,25918.406547201233
150,50,5,0.01,pls,0.9985450888004838,38.76844372274045
150,50,12,0.01,linreg,0.9999506100506768,1.3160744596937817
150,50,12,0.01,pcr,0.1455843832312338,22767.27525744848
150,50,12,0.01,pls,0.9999499389676143,1.333956544834182
150,50,25,0.01,linreg,0.9999506100506768,1.3160744596937817
150,50,25,0.01,pcr,0.42186085504197013,15405.445303240087
150,50,25,0.01,pls,0.999950610103975,1.316073039476684
100,50,5,0.01,linreg,0.9999261710785161,1.9672137911500973
100,50,5,0.01,pcr,0.03759150785770615,25643.92409382473
100,50,5,0.01,pls,0.971742626944191,752.9338484130059
100,50,12,0.01,linreg,0.9999261710785161,1.9672137911500973
100,50,12,0.01,pcr,0.13288505415477747,23104.773111860864
100,50,12,0.01,pls,0.9998107902132065,5.041602864018285
100,50,25,0.01,linreg,0.9999261710785161,1.9672137911500973
100,50,25,0.01,pcr,0.4478934837242039,14711.193542740695
100,50,25,0.01,pls,0.999926227244499,1.9657172164486978
50,50,5,0.01,linreg,0.9922743833029342,205.83450372509208
50,50,5,0.01,pcr,0.04497673585867157,25444.795843302407
50,50,5,0.01,pls,0.7577236549262526,6454.996825240387
50,50,12,0.01,linreg,0.9922743833029342,205.83450372509208
50,50,12,0.01,pcr,0.1724655682456776,22048.096062061977
50,50,12,0.01,pls,0.8818287776633065,3148.4496135433405
50,50,25,0.01,linreg,0.9922743833029342,205.83450372509208
50,50,25,0.01,pcr,0.4041266961056539,15875.921703015194
50,50,25,0.01,pls,0.9335453470113666,1770.5590446046488
500,50,5,0.1,linreg,0.9999781331912055,1.1165613950261648
500,50,5,0.1,pcr,0.40741545349433483,30258.508872413808
500,50,5,0.1,pls,0.999963040126467,1.8872423653571742
500,50,12,0.1,linreg,0.9999781331912055,1.1165613950261648
500,50,12,0.1,pcr,0.5103066548212929,25004.68585829086
500,50,12,0.1,pls,0.9999781331254018,1.1165647550893714
500,50,25,0.1,linreg,0.9999781331912055,1.1165613950261648
500,50,25,0.1,pcr,0.6627457986113422,17220.849421661347
500,50,25,0.1,pls,0.9999781331912055,1.1165613950262256
250,50,5,0.1,linreg,0.9999762231256012,1.2138589859401605
250,50,5,0.1,pcr,0.43730396304324237,28726.805271218345
250,50,5,0.1,pls,0.9995442930229651,23.264790811071524
250,50,12,0.1,linreg,0.9999762231256012,1.2138589859401605
250,50,12,0.1,pcr,0.5139079505083158,24816.012078485895
250,50,12,0.1,pls,0.9999762391949456,1.213038612421854
250,50,25,0.1,linreg,0.9999762231256012,1.2138589859401605
250,50,25,0.1,pcr,0.6965263751135415,15492.960949597034
250,50,25,0.1,pls,0.9999762231256323,1.2138589843529215
150,50,5,0.1,linreg,0.9999725281182196,1.4024610067400107
150,50,5,0.1,pcr,0.4645184820540258,27336.749435319944
150,50,5,0.1,pls,0.996449024931903,181.280048768049
150,50,12,0.1,linreg,0.9999725281182196,1.4024610067400107
150,50,12,0.1,pcr,0.5823710717908106,21320.28274512301
150,50,12,0.1,pls,0.9999701659344915,1.5230523297440064
150,50,25,0.1,linreg,0.9999725281182196,1.4024610067400107
150,50,25,0.1,pcr,0.6816398450687305,16252.534389849485
150,50,25,0.1,pls,0.9999725281859843,1.4024575472976368
100,50,5,0.1,linreg,0.9999637058174691,1.8529727065696024
100,50,5,0.1,pcr,0.4114310807604047,30048.95184942727
100,50,5,0.1,pls,0.986029644099824,713.2462113461733
100,50,12,0.1,linreg,0.9999637058174691,1.8529727065696024
100,50,12,0.1,pcr,0.5285417549682048,24069.952797165715
100,50,12,0.1,pls,0.9999062406320727,4.786815341728167
100,50,25,0.1,linreg,0.9999637058174691,1.8529727065696024
100,50,25,0.1,pcr,0.713572475202728,14623.345915213331
100,50,25,0.1,pls,0.9999637108415651,1.852716205052458
50,50,5,0.1,linreg,0.9586305917607548,2111.840085745133
50,50,5,0.1,pcr,0.3917253540533233,31051.417826035096
50,50,5,0.1,pls,0.9163110532289495,4272.182756465749
50,50,12,0.1,linreg,0.9586305917607548,2111.840085745133
50,50,12,0.1,pcr,0.4295139986915609,29122.36981859219
50,50,12,0.1,pls,0.9749122876705292,1280.6863528388124
50,50,25,0.1,linreg,0.9586305917607548,2111.840085745133
50,50,25,0.1,pcr,0.7284360633277971,13862.891245397595
50,50,25,0.1,pls,0.9946447284914326,273.37778138950415
500,50,5,0.2,linreg,0.999983835529051,1.1104768964369858
500,50,5,0.2,pcr,0.6520946026419012,23900.62174815822
500,50,5,0.2,pls,0.999964718229124,2.423809077744227
500,50,12,0.2,linreg,0.999983835529051,1.1104768964369858
500,50,12,0.2,pcr,0.6996186594737286,20635.784482335803
500,50,12,0.2,pls,0.9999838356597514,1.1104679175019585
500,50,25,0.2,linreg,0.999983835529051,1.1104768964369858
500,50,25,0.2,pcr,0.7677554936324695,15954.877797037014
500,50,25,0.2,pls,0.999983835529051,1.1104768964364813
250,50,5,0.2,linreg,0.9999805549835816,1.3365843407915938
250,50,5,0.2,pcr,0.6373312668083233,24928.616116873625
250,50,5,0.2,pls,0.9996144809305044,26.499270572933945
250,50,12,0.2,linreg,0.9999805549835816,1.3365843407915938
250,50,12,0.2,pcr,0.6833137336778907,21767.937624932947
250,50,12,0.2,pls,0.9999805711356069,1.3354741054750532
250,50,25,0.2,linreg,0.9999805549835816,1.3365843407915938
250,50,25,0.2,pcr,0.7504547775568037,17152.89046105463
250,50,25,0.2,pls,0.9999805549835558,1.3365843425717745
150,50,5,0.2,linreg,0.9999750928933532,1.7120322091750422
150,50,5,0.2,pcr,0.6359695977401392,25022.24696852513
150,50,5,0.2,pls,0.9966824516373413,228.03731211772865
150,50,12,0.2,linreg,0.9999750928933532,1.7120322091750422
150,50,12,0.2,pcr,0.6726011296936095,22504.316505341332
150,50,12,0.2,pls,0.9999745507381683,1.7492981651170165
150,50,25,0.2,linreg,0.9999750928933532,1.7120322091750422
150,50,25,0.2,pcr,0.7788520759354073,15200.977550690233
150,50,25,0.2,pls,0.9999750929153387,1.7120306979615572
100,50,5,0.2,linreg,0.9999694351924803,2.100980094726163
100,50,5,0.2,pcr,0.6360306386389819,25018.72072366331
100,50,5,0.2,pls,0.9926442796902886,505.621438743875
100,50,12,0.2,linreg,0.9999694351924803,2.100980094726163
100,50,12,0.2,pcr,0.6632142556653815,23150.15871036812
100,50,12,0.2,pls,0.9999521215643058,3.2910935328183397
100,50,25,0.2,linreg,0.9999694351924803,2.100980094726163
100,50,25,0.2,pcr,0.7995931632977329,13775.672380273658
100,50,25,0.2,pls,0.999969422604375,2.101845382633568
50,50,5,0.2,linreg,0.9879943918897549,825.1550563911159
50,50,5,0.2,pcr,0.6463975031316378,24303.38268283655
50,50,5,0.2,pls,0.9333982967514628,4577.588381624186
50,50,12,0.2,linreg,0.9879943918897549,825.1550563911159
50,50,12,0.2,pcr,0.69956319836199,20649.261888369067
50,50,12,0.2,pls,0.9581140148847778,2878.85728839129
50,50,25,0.2,linreg,0.9879943918897549,825.1550563911159
50,50,25,0.2,pcr,0.8527311400830544,10121.906636759422
50,50,25,0.2,pls,0.9678986996600392,2206.3480707523886
500,50,5,0.5,linreg,0.9999396059413771,1.1049054677316934
500,50,5,0.5,pcr,0.4377966242106893,10285.475062467933
500,50,5,0.5,pls,0.9999061752694844,1.7165174872984044
500,50,12,0.5,linreg,0.9999396059413771,1.1049054677316934
500,50,12,0.5,pcr,0.460231123771061,9875.037317509203
500,50,12,0.5,pls,0.9999396053247442,1.1049167489918998
500,50,25,0.5,linreg,0.9999396059413771,1.1049054677316934
500,50,25,0.5,pcr,0.5574409188799428,8096.590288413594
500,50,25,0.5,pls,0.9999396059413771,1.1049054677318275
250,50,5,0.5,linreg,0.9999286552625682,1.3047145667315805
250,50,5,0.5,pcr,0.38783665383421817,11194.917294713781
250,50,5,0.5,pls,0.999379944286513,11.339248705561033
250,50,12,0.5,linreg,0.9999286552625682,1.3047145667315805
250,50,12,0.5,pcr,0.46248042464942885,9829.871762217042
250,50,12,0.5,pls,0.9999286634794432,1.3045643008986194
250,50,25,0.5,linreg,0.9999286552625682,1.3047145667315805
250,50,25,0.5,pcr,0.7752515838994097,4110.079354020407
250,50,25,0.5,pls,0.9999286552625846,1.304714566433714
150,50,5,0.5,linreg,0.9999098111299358,1.6495004416687369
150,50,5,0.5,pcr,0.285310975931131,13071.234399754243
150,50,5,0.5,pls,0.9963842441383124,66.1300101285036
150,50,12,0.5,linreg,0.9999098111299358,1.6495004416687369
150,50,12,0.5,pcr,0.4249419637381785,10517.467223221714
150,50,12,0.5,pls,0.9999070092417757,1.7007452987606524
150,50,25,0.5,linreg,0.9999098111299358,1.6495004416687369
150,50,25,0.5,pcr,0.6563894391924502,6284.431453803451
150,50,25,0.5,pls,0.9999098111807577,1.6494995121676432
100,50,5,0.5,linreg,0.9998932929056615,1.9522432819537567
100,50,5,0.5,pcr,0.29801529658301706,12843.05349870452
100,50,5,0.5,pls,0.9819643109123549,329.9691841020573
100,50,12,0.5,linreg,0.9998932929056615,1.9522432819537567
100,50,12,0.5,pcr,0.47106046238186927,9677.13220265782
100,50,12,0.5,pls,0.9998748075021457,2.2904401474161813
100,50,25,0.5,linreg,0.9998932929056615,1.9522432819537567
100,50,25,0.5,pcr,0.6466406872421626,6464.83112227966
100,50,25,0.5,pls,0.9998932514465362,1.9530017910247304
50,50,5,0.5,linreg,0.9854110516051586,266.95182652034885
50,50,5,0.5,pcr,0.33550501284054934,12159.077250458613
50,50,5,0.5,pls,0.8277052432577521,3152.687826936563
50,50,12,0.5,linreg,0.9854110516051586,266.95182652034885
50,50,12,0.5,pcr,0.4561186289428796,9952.062443748744
50,50,12,0.5,pls,0.8980894722005157,1864.7815319810672
50,50,25,0.5,linreg,0.9854110516051586,266.95182652034885
50,50,25,0.5,pcr,0.6101329779242468,7133.873588857993
50,50,25,0.5,pls,0.9672583019029519,599.1148829805584
500,50,5,0.9,linreg,0.9996988205087307,1.176855784625756
500,50,5,0.9,pcr,0.07834680056403254,3601.3504591687324
500,50,5,0.9,pls,0.9996590971103805,1.3320745577777562
500,50,12,0.9,linreg,0.9996988205087307,1.176855784625756
500,50,12,0.9,pcr,0.2775719135974777,2822.880365710561
500,50,12,0.9,pls,0.999698820109416,1.1768573449435402
500,50,25,0.9,linreg,0.9996988205087307,1.176855784625756
500,50,25,0.9,pcr,0.5112841861290978,1909.6520489096124
500,50,25,0.9,pls,0.9996988205087306,1.1768557846257612
250,50,5,0.9,linreg,0.9996319379998351,1.4378395894961449
250,50,5,0.9,pcr,0.07272805346733946,3622.4014279021726
250,50,5,0.9,pls,0.9983332462967396,6.511197731397152
250,50,12,0.9,linreg,0.9996319379998351,1.4378395894961449
250,50,12,0.9,pcr,0.22457336768762726,3029.2154859478173
250,50,12,0.9,pls,0.9996320068763794,1.437570522268066
250,50,25,0.9,linreg,0.9996319379998351,1.4378395894961449
250,50,25,0.9,pcr,0.5253450405275637,1854.2465448060877
250,50,25,0.9,pls,0.9996319379997336,1.437839589892686
150,50,5,0.9,linreg,0.9996051986944862,1.5424722085386255
150,50,5,0.9,pcr,0.07839803725570094,3600.660370201964
150,50,5,0.9,pls,0.9884241556885499,45.22634016506621
150,50,12,0.9,linreg,0.9996051986944862,1.5424722085386255
150,50,12,0.9,pcr,0.09562462366885549,3533.3568166949763
150,50,12,0.9,pls,0.9995894566450948,1.6039757379153452
150,50,25,0.9,linreg,0.9996051986944862,1.5424722085386255
150,50,25,0.9,pcr,0.4320956233499593,2218.778676402835
150,50,25,0.9,pls,0.9996051982723972,1.5424738576222345
100,50,5,0.9,linreg,0.9994482871019368,2.15545885629295
100,50,5,0.9,pcr,0.05549220381552877,3690.0491202402186
100,50,5,0.9,pls,0.9894089412812017,41.377664711283394
100,50,12,0.9,linreg,0.9994482871019368,2.15545885629295
100,50,12,0.9,pcr,0.10983726107684488,3477.731200211788
100,50,12,0.9,pls,0.9994687828079728,2.0753852324090674
100,50,25,0.9,linreg,0.9994482871019368,2.15545885629295
100,50,25,0.9,pcr,0.4733440326441932,2057.5652174193324
100,50,25,0.9,pls,0.9994481619787025,2.1559476938466076
50,50,5,0.9,linreg,0.9151697977699234,331.3738502174173
50,50,5,0.9,pcr,0.03441157411434492,3771.8966358618313
50,50,5,0.9,pls,0.8052086016217151,760.9173852347743
50,50,12,0.9,linreg,0.9151697977699234,331.3738502174173
50,50,12,0.9,pcr,0.10117301148108593,3511.105149284163
50,50,12,0.9,pls,0.9350622967204025,253.66739904348574
50,50,25,0.9,linreg,0.9151697977699234,331.3738502174173
50,50,25,0.9,pcr,0.46027946186018553,2108.320716715156
50,50,25,0.9,pls,0.9599668845723375,156.38212861361532
500,50,5,0.99,linreg,0.9999007283193866,1.109421961853667
500,50,5,0.99,pcr,0.9693521837339583,342.5081577980849
500,50,5,0.99,pls,0.999897505605356,1.14543776918532
500,50,12,0.99,linreg,0.9999007283193866,1.109421961853667
500,50,12,0.99,pcr,0.972807097841176,303.89737209179884
500,50,12,0.99,pls,0.9999007284991592,1.10941995278435
500,50,25,0.99,linreg,0.9999007283193866,1.109421961853667
500,50,25,0.99,pcr,0.9824894646463883,195.6909801978001
500,50,25,0.99,pls,0.9999007283193866,1.1094219618536403
250,50,5,0.99,linreg,0.999897283879133,1.1478005829022258
250,50,5,0.99,pcr,0.9690535606259455,345.8107729584018
250,50,5,0.99,pls,0.999859782895526,1.5668550651033821
250,50,12,0.99,linreg,0.999897283879133,1.1478005829022258
250,50,12,0.99,pcr,0.9702162056167254,332.8188045423227
250,50,12,0.99,pls,0.9998972839815752,1.14779943816314
250,50,25,0.99,linreg,0.999897283879133,1.1478005829022258
250,50,25,0.99,pcr,0.9842707006868937,175.76694649141828
250,50,25,0.99,pls,0.9998972838790715,1.1478005835895728
150,50,5,0.99,linreg,0.9998741087491925,1.40678823221518
150,50,5,0.99,pcr,0.9672919641689467,365.5002203158181
150,50,5,0.99,pls,0.9997230656746695,3.0946388050977958
150,50,12,0.99,linreg,0.9998741087491925,1.40678823221518
150,50,12,0.99,pcr,0.969325400645465,342.77731870213984
150,50,12,0.99,pls,0.9998733695527429,1.4150484795307463
150,50,25,0.99,linreg,0.9998741087491925,1.40678823221518
150,50,25,0.99,pcr,0.9845038079567672,173.16422285683407
150,50,25,0.99,pls,0.9998741087190312,1.406788569256601
100,50,5,0.99,linreg,0.9998257821947718,1.9465218662759922
100,50,5,0.99,pcr,0.9675074557520458,363.03664706799293
100,50,5,0.99,pls,0.9993056813203381,7.757568122015638
100,50,12,0.99,linreg,0.9998257821947718,1.9465218662759922
100,50,12,0.99,pcr,0.9708749402301013,325.41200725408225
100,50,12,0.99,pls,0.9998162245966515,2.0533081600527865
100,50,25,0.99,linreg,0.9998257821947718,1.9465218662759922
100,50,25,0.99,pcr,0.9815043029622426,206.65097157467443
100,50,25,0.99,pls,0.9998257525247276,1.9468533673514
50,50,5,0.99,linreg,0.9992400707892468,8.490187425806104
50,50,5,0.99,pcr,0.9700507250217445,334.603479158779
50,50,5,0.99,pls,0.9962656478260045,41.721451712279084
50,50,12,0.99,linreg,0.9992400707892468,8.490187425806104
50,50,12,0.99,pcr,0.9709602364312571,324.44210856872405
50,50,12,0.99,pls,0.9989495366105063,11.736134016890222
50,50,25,0.99,linreg,0.9992400707892468,8.490187425806104
50,50,25,0.99,pcr,0.9776995021357823,249.1487415891627
50,50,25,0.99,pls,0.9991554479115915,9.435622976431695
100,10,1,0.01,linreg,0.9997681835201877,1.1441912263689462
100,10,1,0.01,pcr,0.03821430244929158,4747.146353337804
100,10,1,0.01,pls,0.9265124364214327,362.7172044105837
100,10,2,0.01,linreg,0.9997681835201877,1.1441912263689462
100,10,2,0.01,pcr,0.16208754810761272,4135.737358693222
100,10,2,0.01,pls,0.9930169478242681,34.46669123445336
100,10,5,0.01,linreg,0.9997681835201877,1.1441912263689462
100,10,5,0.01,pcr,0.510773389448157,2414.706650505738
100,10,5,0.01,pls,0.9997669987541971,1.1500389506241697
50,10,1,0.01,linreg,0.9997506864094599,1.230449661845733
50,10,1,0.01,pcr,0.10980497844618053,4393.423402529757
50,10,1,0.01,pls,0.7868159050128724,1052.1379802020695
50,10,2,0.01,linreg,0.9997506864094599,1.230449661845733
50,10,2,0.01,pcr,0.20262417290625567,3935.328253409447
50,10,2,0.01,pls,0.9536937249842732,228.53764333905937
50,10,5,0.01,linreg,0.9997506864094599,1.230449661845733
50,10,5,0.01,pcr,0.5746114597003926,2099.441047039463
50,10,5,0.01,pls,0.9997556562887746,1.2059215713035034
30,10,1,0.01,linreg,0.9996817552668756,1.5704985659020603
30,10,1,0.01,pcr,0.24409043862929425,3730.3205945608693
30,10,1,0.01,pls,0.7029288552637406,1466.009514749322
30,10,2,0.01,linreg,0.9996817552668756,1.5704985659020603
30,10,2,0.01,pcr,0.2888788828354468,3509.2951381324697
30,10,2,0.01,pls,0.888073096404729,552.3454853643674
30,10,5,0.01,linreg,0.9996817552668756,1.5704985659020603
30,10,5,0.01,pcr,0.7081402696249093,1440.2918266663635
30,10,5,0.01,pls,0.9984842784297376,7.479899287048355
20,10,1,0.01,linreg,0.9996935070705996,1.512527688597947
20,10,1,0.01,pcr,0.33141310716969063,3299.4437738502625
20,10,1,0.01,pls,0.5745209123776731,2099.7185879850613
20,10,2,0.01,linreg,0.9996935070705996,1.512527688597947
20,10,2,0.01,pcr,0.34010719586484206,3256.538869308857
20,10,2,0.01,pls,0.797767803747703,998.0060452158132
20,10,5,0.01,linreg,0.9996935070705996,1.512527688597947
20,10,5,0.01,pcr,0.6786090605536266,1586.0486430405708
20,10,5,0.01,pls,0.9833146005626271,82.34163409155732
10,10,1,0.01,linreg,0.9720344570588382,138.00911315369135
10,10,1,0.01,pcr,0.543764375403762,2251.5090828782427
10,10,1,0.01,pls,0.29060222875014186,3500.8566609767713
10,10,2,0.01,linreg,0.9720344570588382,138.00911315369135
10,10,2,0.01,pcr,0.5541168755489044,2200.419806086422
10,10,2,0.01,pls,0.3246318305012853,3332.921600015158
10,10,5,0.01,linreg,0.9720344570588382,138.00911315369135
10,10,5,0.01,pcr,0.608251116405494,1933.2689559282487
10,10,5,0.01,pls,0.5631723140559949,2155.7314894601104
100,10,1,0.1,linreg,0.9998221094715644,1.0252297020556937
100,10,1,0.1,pcr,-0.0038734125040811307,5785.5853746342655
100,10,1,0.1,pls,0.9190211160239081,466.7025154273399
100,10,2,0.1,linreg,0.9998221094715644,1.0252297020556937
100,10,2,0.1,pcr,0.07627203923927584,5323.686147426735
100,10,2,0.1,pls,0.9946639789580917,30.752886682991203
100,10,5,0.1,linreg,0.9998221094715644,1.0252297020556937
100,10,5,0.1,pcr,0.13299801960162905,4996.759466972502
100,10,5,0.1,pls,0.9998217087854147,1.0275389612696542
50,10,1,0.1,linreg,0.9998028336168213,1.1362161144811307
50,10,1,0.1,pcr,-0.008544660875309473,5811.967929756269
50,10,1,0.1,pls,0.7792371078007613,1272.196363053125
50,10,2,0.1,linreg,0.9998028336168213,1.1362161144811307
50,10,2,0.1,pcr,0.053230771107987684,5455.9729565419375
50,10,2,0.1,pls,0.9285558769793182,411.71300377058947
50,10,5,0.1,linreg,0.9998028336168213,1.1362161144811307
50,10,5,0.1,pcr,0.2393373013304706,4383.491759494566
50,10,5,0.1,pls,0.9996456433991642,2.0420604854206394
30,10,1,0.1,linreg,0.9997500929488531,1.4401279149358672
30,10,1,0.1,pcr,0.024573075948203238,5621.048049104304
30,10,1,0.1,pls,0.6282868777825946,2142.0541805299445
30,10,2,0.1,linreg,0.9997500929488531,1.4401279149358672
30,10,2,0.1,pcr,0.09837028490950883,5195.780253810945
30,10,2,0.1,pls,0.9087918942495814,525.6007725942834
30,10,5,0.1,linreg,0.9997500929488531,1.4401279149358672
30,10,5,0.1,pcr,0.40400794542407703,3434.496109395645
30,10,5,0.1,pls,0.9994133680417079,3.380557111344359
20,10,1,0.1,linreg,0.9997297147174866,1.557519566669979
20,10,1,0.1,pcr,0.11857732809089327,5079.200188923338
20,10,1,0.1,pls,0.6329060983570649,2115.3794586868476
20,10,2,0.1,linreg,0.9997297147174866,1.557519566669979
20,10,2,0.1,pcr,0.11556750993978893,5096.5442729921115
20,10,2,0.1,pls,0.7684235207209144,1334.4599983534652
20,10,5,0.1,linreg,0.9997297147174866,1.557519566669979
20,10,5,0.1,pcr,0.5874686852802015,2377.2126568099743
20,10,5,0.1,pls,0.9983646541229504,9.423684405206403
10,10,1,0.1,linreg,0.9678182436841629,185.44181829505078
10,10,1,0.1,pcr,0.02254137506338527,5632.436680505974
10,10,1,0.1,pls,0.4962450797475758,2902.8008126677596
10,10,2,0.1,linreg,0.9678182436841629,185.44181829505078
10,10,2,0.1,pcr,0.04266301808895279,5516.489184256092
10,10,2,0.1,pls,0.5232751066470924,2747.04494628132
10,10,5,0.1,linreg,0.9678182436841629,185.44181829505078
10,10,5,0.1,pcr,0.5986927036081842,2312.46405595789
10,10,5,0.1,pls,0.6400188924851534,2074.329022762747
100,10,1,0.2,linreg,0.9998402978442674,1.1359271056255422
100,10,1,0.2,pcr,-0.048211176095019015,7455.700781770299
100,10,1,0.2,pls,0.8764845095111994,878.539134097741
100,10,2,0.2,linreg,0.9998402978442674,1.1359271056255422
100,10,2,0.2,pcr,0.2796999552699879,5123.339389119353
100,10,2,0.2,pls,0.9757173379151467,172.71735583278462
100,10,5,0.2,linreg,0.9998402978442674,1.1359271056255422
100,10,5,0.2,pcr,0.4482849021333022,3924.2308995437957
100,10,5,0.2,pls,0.9998204194753839,1.2773176706229086
50,10,1,0.2,linreg,0.99981497184824,1.3160803083388803
50,10,1,0.2,pcr,-0.056533823616409906,7514.982704682188
50,10,1,0.2,pls,0.8073056046438681,1370.6092659048415
50,10,2,0.2,linreg,0.99981497184824,1.3160803083388803
50,10,2,0.2,pcr,0.23382627418466417,5449.690459105083
50,10,2,0.2,pls,0.8953856918123949,744.1074758980712
50,10,5,0.2,linreg,0.99981497184824,1.3160803083388803
50,10,5,0.2,pcr,0.4794206152650887,3702.811008270488
50,10,5,0.2,pls,0.9995837714687813,2.960577449945786
30,10,1,0.2,linreg,0.9997966528653374,1.4463135731380177
30,10,1,0.2,pcr,-0.08183977885562355,7694.623082421127
30,10,1,0.2,pls,0.7602546567985431,1705.1970982729924
30,10,2,0.2,linreg,0.9997966528653374,1.4463135731380177
30,10,2,0.2,pcr,0.0068788006302717974,7063.60909782361
30,10,2,0.2,pls,0.8670750625354406,945.4332443997529
30,10,5,0.2,linreg,0.9997966528653374,1.4463135731380177
30,10,5,0.2,pcr,0.5081848908733924,3498.052082141173
30,10,5,0.2,pls,0.9988059771268187,8.492529245539536
20,10,1,0.2,linreg,0.999700554971279,2.129700081156016
20,10,1,0.2,pcr,-0.10586762326091503,7865.104246565785
20,10,1,0.2,pls,0.6114936002541793,2763.1185416646376
20,10,2,0.2,linreg,0.999700554971279,2.129700081156016
20,10,2,0.2,pcr,0.030494378518394316,6895.27627013753
20,10,2,0.2,pls,0.6830480400227126,2254.2121262433902
20,10,5,0.2,linreg,0.999700554971279,2.129700081156016
20,10,5,0.2,pcr,0.6900096531114193,2204.7000404247638
20,10,5,0.2,pls,0.9576474152336403,301.21823561185903
10,10,1,0.2,linreg,0.9941597413663333,41.53815731911104
10,10,1,0.2,pcr,-0.2584775075353598,8950.7742669518
10,10,1,0.2,pls,-0.08084705296075301,7687.398408175342
10,10,2,0.2,linreg,0.9941597413663333,41.53815731911104
10,10,2,0.2,pcr,-0.28521694778076956,9140.955412207259
10,10,2,0.2,pls,0.5044113146747762,3524.816633623347
10,10,5,0.2,linreg,0.9941597413663333,41.53815731911104
10,10,5,0.2,pcr,0.5199926205649607,3413.9964155643847
10,10,5,0.2,pls,0.9514184520143507,345.5305851355602
100,10,1,0.5,linreg,0.9977426870233393,1.0756754621047386
100,10,1,0.5,pcr,0.022690102718371574,465.71666678368285
100,10,1,0.5,pls,0.6585123465072555,162.72882549821674
100,10,2,0.5,linreg,0.9977426870233393,1.0756754621047386
100,10,2,0.5,pcr,0.03962740245651941,457.6455495256804
100,10,2,0.5,pls,0.9362029945305131,30.401133581754753
100,10,5,0.5,linreg,0.9977426870233393,1.0756754621047386
100,10,5,0.5,pcr,0.49143802608910425,242.34461147021565
100,10,5,0.5,pls,0.997676803611281,1.1070708292707656
50,10,1,0.5,linreg,0.9974216429378481,1.2287351956855117
50,10,1,0.5,pcr,0.00990194856835691,471.83857535942883
50,10,1,0.5,pls,0.5454967986875139,216.59687411109815
50,10,2,0.5,linreg,0.9974216429378481,1.2287351956855117
50,10,2,0.5,pcr,0.02137517849953041,466.3709224762943
50,10,2,0.5,pls,0.8860876378998557,54.28578166722138
50,10,5,0.5,linreg,0.9974216429378481,1.2287351956855117
50,10,5,0.5,pcr,0.4817718482341924,246.96547224465505
50,10,5,0.5,pls,0.9969866705753584,1.4360245035889692
30,10,1,0.5,linreg,0.9972371106035908,1.3166090923040086
30,10,1,0.5,pcr,-0.1135884425316187,530.6620925279492
30,10,1,0.5,pls,0.7526890265421715,117.85194032895959
30,10,2,0.5,linreg,0.9972371106035908,1.3166090923040086
30,10,2,0.5,pcr,-0.14876132336050918,547.4231452005708
30,10,2,0.5,pls,0.9122001120742621,41.83957957077001
30,10,5,0.5,linreg,0.9972371106035908,1.3166090923040086
30,10,5,0.5,pcr,0.7309956087902644,128.18957856103304
30,10,5,0.5,pls,0.9964447292385378,1.6942052824218496
20,10,1,0.5,linreg,0.9958753874660075,1.9654946118890888
20,10,1,0.5,pcr,0.04084508465324266,457.0644642482671
20,10,1,0.5,pls,0.8326443355490315,79.74971079988772
20,10,2,0.5,linreg,0.9958753874660075,1.9654946118890888
20,10,2,0.5,pcr,0.0265342708787496,463.8839720526249
20,10,2,0.5,pls,0.8917392784260657,51.589297947174806
20,10,5,0.5,linreg,0.9958753874660075,1.9654946118890888
20,10,5,0.5,pcr,0.6337307188208756,174.5376790486573
20,10,5,0.5,pls,0.9946035619420805,2.5715554706824317
10,10,1,0.5,linreg,0.4690014869042707,253.03143470587793
10,10,1,0.5,pcr,0.014842773837848267,469.4471645379776
10,10,1,0.5,pls,0.017465153032592662,468.19754828929825
10,10,2,0.5,linreg,0.4690014869042707,253.03143470587793
10,10,2,0.5,pcr,0.25929776449758624,352.9594616873028
10,10,2,0.5,pls,0.30474828862560166,331.3013759401351
10,10,5,0.5,linreg,0.4690014869042707,253.03143470587793
10,10,5,0.5,pcr,0.49291001558392755,241.6385415728051
10,10,5,0.5,pls,0.4773715783917041,249.042918343869
100,10,1,0.9,linreg,0.9997078019822587,1.143347284249975
100,10,1,0.9,pcr,0.8352095173565524,644.8118719527296
100,10,1,0.9,pls,0.8371672870965259,637.1512768101322
100,10,2,0.9,linreg,0.9997078019822587,1.143347284249975
100,10,2,0.9,pcr,0.8466379236251573,600.0934396665647
100,10,2,0.9,pls,0.9828645021515656,67.04982148998073
100,10,5,0.9,linreg,0.9997078019822587,1.143347284249975
100,10,5,0.9,pcr,0.8554700641813797,565.5339857827526
100,10,5,0.9,pls,0.9997033214288606,1.160879328441239
50,10,1,0.9,linreg,0.9997012037566111,1.1694843319834245
50,10,1,0.9,pcr,0.8320923831146204,657.1880721825136
50,10,1,0.9,pls,0.8372297617016888,637.0804439978316
50,10,2,0.9,linreg,0.9997012037566111,1.1694843319834245
50,10,2,0.9,pcr,0.8434818923307265,612.609691858366
50,10,2,0.9,pls,0.9711476165102353,112.92782683261393
50,10,5,0.9,linreg,0.9997012037566111,1.1694843319834245
50,10,5,0.9,pcr,0.8637158057376045,533.4144368053954
50,10,5,0.9,pls,0.999610257690183,1.5254459683710775
30,10,1,0.9,linreg,0.9995765875330904,1.6571675159109598
30,10,1,0.9,pcr,0.8282676024438362,672.132667081676
30,10,1,0.9,pls,0.8355334892273251,643.695168205538
30,10,2,0.9,linreg,0.9995765875330904,1.6571675159109598
30,10,2,0.9,pcr,0.8521247138746066,578.7598139507793
30,10,2,0.9,pls,0.9512100169125458,190.9560567843096
30,10,5,0.9,linreg,0.9995765875330904,1.6571675159109598
30,10,5,0.9,pcr,0.9121386203315776,343.87514697510204
30,10,5,0.9,pls,0.9992764060851337,2.8320288705227923
20,10,1,0.9,linreg,0.9992361819615407,2.9895410467060195
20,10,1,0.9,pcr,0.8010095359994731,778.8375373179642
20,10,1,0.9,pls,0.8153444964446988,722.7313045555721
20,10,2,0.9,linreg,0.9992361819615407,2.9895410467060195
20,10,2,0.9,pcr,0.8194578175477216,706.6319960074604
20,10,2,0.9,pls,0.9180894545740568,320.5932897354513
20,10,5,0.9,linreg,0.9992361819615407,2.9895410467060195
20,10,5,0.9,pcr,0.8937749489903408,415.7589035503681
20,10,5,0.9,pls,0.998344451924431,6.47972249607017
10,10,1,0.9,linreg,0.9764721934820415,92.08276058410932
10,10,1,0.9,pcr,0.8294988654845223,667.3046693462036
10,10,1,0.9,pls,0.832680978848943,654.8505639087167
10,10,2,0.9,linreg,0.9764721934820415,92.08276058410932
10,10,2,0.9,pcr,0.8424186812288764,616.7392968763949
10,10,2,0.9,pls,0.8946074428796492,412.4837390707348
10,10,5,0.9,linreg,0.9764721934820415,92.08276058410932
10,10,5,0.9,pcr,0.9028503083676912,380.2229412491004
10,10,5,0.9,pls,0.9763556666342953,92.53882153541174
100,10,1,0.99,linreg,0.9998939032395571,1.0991751039309359
100,10,1,0.99,pcr,0.9959281704659514,42.184640064323666
100,10,1,0.99,pls,0.9959298227285962,42.16752242607795
100,10,2,0.99,linreg,0.9998939032395571,1.0991751039309359
100,10,2,0.99,pcr,0.9959636055974066,41.817527872231594
100,10,2,0.99,pls,0.9998214993011868,1.8492885489681303
100,10,5,0.99,linreg,0.9998939032395571,1.0991751039309359
100,10,5,0.99,pcr,0.9993037854431368,7.2128659226106375
100,10,5,0.99,pls,0.9998942496255695,1.0955865034904835
50,10,1,0.99,linreg,0.9998816501883534,1.2259727353152936
50,10,1,0.99,pcr,0.9957463898511024,44.06268161016019
50,10,1,0.99,pls,0.9956847058924675,44.7016589810621
50,10,2,0.99,linreg,0.9998816501883534,1.2259727353152936
50,10,2,0.99,pcr,0.9958265920844632,43.23187545978585
50,10,2,0.99,pls,0.9994013511000741,6.201338380891717
50,10,5,0.99,linreg,0.9998816501883534,1.2259727353152936
50,10,5,0.99,pcr,0.9988251817546715,12.169813518790562
50,10,5,0.99,pls,0.9998823213966395,1.219019762200768
30,10,1,0.99,linreg,0.9998508201993372,1.5453178877943414
30,10,1,0.99,pcr,0.9959290592130566,42.16990229418381
30,10,1,0.99,pls,0.9959304081628566,42.15592884572529
30,10,2,0.99,linreg,0.9998508201993372,1.5453178877943414
30,10,2,0.99,pcr,0.9960220166749629,41.20697817141686
30,10,2,0.99,pls,0.9992287219250675,7.9894851740086485
30,10,5,0.99,linreg,0.9998508201993372,1.5453178877943414
30,10,5,0.99,pcr,0.9986185997223198,14.309595198674314
30,10,5,0.99,pls,0.9998210730442688,1.8534615549258084
20,10,1,0.99,linreg,0.9997314002821708,2.782315627134962
20,10,1,0.99,pcr,0.9958841979182871,42.633925838402234
20,10,1,0.99,pls,0.9958980872065605,42.490052329802374
20,10,2,0.99,linreg,0.9997314002821708,2.782315627134962
20,10,2,0.99,pcr,0.9959279926635617,42.18027381989348
20,10,2,0.99,pls,0.9991249717982621,9.064062537205292
20,10,5,0.99,linreg,0.9997314002821708,2.782315627134962
20,10,5,0.99,pcr,0.9986613989447636,13.866025864004701
20,10,5,0.99,pls,0.9998151154636894,1.9151439873060965
10,10,1,0.99,linreg,0.9990730434359498,9.601295405993183
10,10,1,0.99,pcr,0.995730587272526,44.22202117808056
10,10,1,0.99,pls,0.9956574403226938,44.97966776112862
10,10,2,0.99,linreg,0.9990730434359498,9.601295405993183
10,10,2,0.99,pcr,0.9956774904176602,44.77199148787339
10,10,2,0.99,pls,0.9982378319692612,18.252307038202865
10,10,5,0.99,linreg,0.9990730434359498,9.601295405993183
10,10,5,0.99,pcr,0.9976836598657778,23.99234953604908
10,10,5,0.99,pls,0.9993677730162941,6.548524784892298
50,5,1,0.01,linreg,0.9995522222811077,1.0615955638030403
50,5,1,0.01,pcr,-0.003698582119266769,2379.577895946434
50,5,1,0.01,pls,0.9974895183285888,5.951873201668978
50,5,2,0.01,linreg,0.9995522222811077,1.0615955638030403
50,5,2,0.01,pcr,0.013174316133973019,2339.5754724706667
50,5,2,0.01,pls,0.9994714584072568,1.2530713040605965
25,5,1,0.01,linreg,0.999501318159171,1.182210698959972
25,5,1,0.01,pcr,0.1223996526106611,2080.5019055232588
25,5,1,0.01,pls,0.8170905040756532,433.61828187617834
25,5,2,0.01,linreg,0.999501318159171,1.182210698959972
25,5,2,0.01,pcr,0.12846823579718403,2066.1152898832975
25,5,2,0.01,pls,0.9985067996952194,3.5398870210857947
15,5,1,0.01,linreg,0.9995172919738947,1.14438850014906
15,5,1,0.01,pcr,0.15971653943159925,1992.1167188761576
15,5,1,0.01,pls,0.9877163378757506,29.121706941833914
15,5,2,0.01,linreg,0.9995172919738947,1.14438850014906
15,5,2,0.01,pcr,0.2985944444437981,1662.8694952426567
15,5,2,0.01,pls,0.9993216774469228,1.6081450631693464
10,5,1,0.01,linreg,0.9949474155088761,11.978374488511681
10,5,1,0.01,pcr,0.19129567525692504,1917.2293445600171
10,5,1,0.01,pls,0.8533479610693042,347.6741546631574
10,5,2,0.01,linreg,0.9949474155088761,11.978374488511681
10,5,2,0.01,pcr,0.2482833200957033,1782.1263389009573
10,5,2,0.01,pls,0.9555730894242143,105.3247448269809
5,5,1,0.01,linreg,0.6241146188807026,891.1414065099857
5,5,1,0.01,pcr,-0.0019368195035218694,2375.3714068574923
5,5,1,0.01,pls,0.422868371265682,1368.2519118998941
5,5,2,0.01,linreg,0.6241146188807026,891.1414065099857
5,5,2,0.01,pcr,0.011482930958735427,2343.556135759856
5,5,2,0.01,pls,0.6720087614826058,777.594948611683
50,5,1,0.1,linreg,0.9997524306404669,1.071856592529376
50,5,1,0.1,pcr,0.0007842194058214069,4326.125106149678
50,5,1,0.1,pls,0.9689734559091789,134.33005558473567
50,5,2,0.1,linreg,0.9997524306404669,1.071856592529376
50,5,2,0.1,pcr,0.02797066587748054,4208.420831545346
50,5,2,0.1,pls,0.9996615096063033,1.4655010647362
25,5,1,0.1,linreg,0.9997088687264277,1.2603206694719598
25,5,1,0.1,pcr,-0.014680951856654634,4392.600495483315
25,5,1,0.1,pls,0.892028546847875,467.41338520867305
25,5,2,0.1,linreg,0.9997088687264277,1.2603206694719598
25,5,2,0.1,pcr,0.14271822401849965,3711.2122259265
25,5,2,0.1,pls,0.9685823750353134,136.00834305036537
15,5,1,0.1,linreg,0.9997238924498522,1.1952493542324705
15,5,1,0.1,pcr,0.0039276168920076016,4311.92436440472
15,5,1,0.1,pls,0.8003659015473163,864.2013850420849
15,5,2,0.1,linreg,0.9997238924498522,1.1952493542324705
15,5,2,0.1,pcr,0.1614284572065552,3630.114766745305
15,5,2,0.1,pls,0.9385655529168422,265.94522013053404
10,5,1,0.1,linreg,0.9994958509329368,2.182403914321282
10,5,1,0.1,pcr,0.1374587550383296,3733.8428497616296
10,5,1,0.1,pls,0.7969614251272847,878.9308748336649
10,5,2,0.1,linreg,0.9994958509329368,2.182403914321282
10,5,2,0.1,pcr,0.18172801262946503,3542.2062736715648
10,5,2,0.1,pls,0.9407665446394116,256.41488457127207
5,5,1,0.1,linreg,0.949297323195527,219.484299409878
5,5,1,0.1,pcr,-0.10047450429673299,4763.789425269412
5,5,1,0.1,pls,0.6237348344975825,1628.7955872845414
5,5,2,0.1,linreg,0.949297323195527,219.484299409878
5,5,2,0.1,pcr,0.47995458795076695,2251.198755543369
5,5,2,0.1,pls,0.8644212663862121,586.90004626098
50,5,1,0.2,linreg,0.999220826673909,1.170671571585623
50,5,1,0.2,pcr,-0.05876292581381848,1590.7419014421564
50,5,1,0.2,pls,0.9460003978490356,81.13188298194183
50,5,2,0.2,linreg,0.999220826673909,1.170671571585623
50,5,2,0.2,pcr,0.03928455345697002,1443.4301380585455
50,5,2,0.2,pls,0.9950426915797058,7.448124627590825
25,5,1,0.2,linreg,0.9992297712294517,1.1570633001778732
25,5,1,0.2,pcr,-0.0780539499776649,1619.488532274517
25,5,1,0.2,pls,0.8763553595771731,185.74309499642646
25,5,2,0.2,linreg,0.9992297712294517,1.1570633001778732
25,5,2,0.2,pcr,0.638777326410481,542.6407254366881
25,5,2,0.2,pls,0.9925652210016593,11.16877251649374
15,5,1,0.2,linreg,0.9992761416727198,1.0874021295343423
15,5,1,0.2,pcr,-0.07146458204344142,1609.5868823012388
15,5,1,0.2,pls,0.7717214223722206,342.9270647092294
15,5,2,0.2,linreg,0.9992761416727198,1.0874021295343423
15,5,2,0.2,pcr,0.7025629201442426,446.8190830281712
15,5,2,0.2,pls,0.885504352338974,171.9988655194766
10,5,1,0.2,linreg,0.9979660470444727,3.0556000315604197
10,5,1,0.2,pcr,-0.2132672339495454,1822.6868956200715
10,5,1,0.2,pls,0.14171377567081722,1289.4002326952207
10,5,2,0.2,linreg,0.9979660470444727,3.0556000315604197
10,5,2,0.2,pcr,0.21683184320316817,1176.5506365927897
10,5,2,0.2,pls,0.48709608843045193,770.5336567005387
5,5,1,0.2,linreg,0.477819735499431,784.4397760906969
5,5,1,0.2,pcr,-0.4644377663810626,2199.9361363406515
5,5,1,0.2,pls,-0.4689606161264557,2206.7305395051626
5,5,2,0.2,linreg,0.477819735499431,784.4397760906969
5,5,2,0.2,pcr,0.29359427430849994,1061.190525499117
5,5,2,0.2,pls,-0.06337559402582005,1597.4447323775053
50,5,1,0.5,linreg,0.9997734363460453,1.1224960748830652
50,5,1,0.5,pcr,0.8789564758272458,599.7029020422946
50,5,1,0.5,pls,0.905568729963424,467.85408035253863
50,5,2,0.5,linreg,0.9997734363460453,1.1224960748830652
50,5,2,0.5,pcr,0.8832188770202828,578.5850902254093
50,5,2,0.5,pls,0.9968149674279031,15.78005341169416
25,5,1,0.5,linreg,0.9997228779667631,1.372991887462946
25,5,1,0.5,pcr,0.893488137781216,527.7094752691011
25,5,1,0.5,pls,0.8914975406657191,537.5718224049849
25,5,2,0.5,linreg,0.9997228779667631,1.372991887462946
25,5,2,0.5,pcr,0.9430830946521191,281.99291261451935
25,5,2,0.5,pls,0.9871854078691206,63.48947007689606
15,5,1,0.5,linreg,0.9996468520533236,1.7496997428510548
15,5,1,0.5,pcr,0.8889937207334317,549.9894877359103
15,5,1,0.5,pls,0.879815329060665,595.4645632694514
15,5,2,0.5,linreg,0.9996468520533236,1.7496997428510548
15,5,2,0.5,pcr,0.9604322219816065,196.0417204050771
15,5,2,0.5,pls,0.9729667674789115,133.9383123581277
10,5,1,0.5,linreg,0.999503939819755,2.4577853902499665
10,5,1,0.5,pcr,0.9111315342970239,440.3087072032969
10,5,1,0.5,pls,0.8759030011565259,614.8523967005913
10,5,2,0.5,linreg,0.999503939819755,2.4577853902499665
10,5,2,0.5,pcr,0.9686564177398044,155.29526784262646
10,5,2,0.5,pls,0.9680962797026366,158.07053410889756
5,5,1,0.5,linreg,0.999637028759125,1.7984645757112538
5,5,1,0.5,pcr,0.49055208122933136,2524.233139986541
5,5,1,0.5,pls,0.8781708871129936,603.643812907551
5,5,2,0.5,linreg,0.999637028759125,1.7984645757112538
5,5,2,0.5,pcr,0.9685767610450273,155.69713451231988
5,5,2,0.5,pls,0.9822833471462843,87.78318767284571
50,5,1,0.9,linreg,0.9972679839808498,1.34405938372733
50,5,1,0.9,pcr,0.22449417763707213,381.5226083506945
50,5,1,0.9,pls,0.25632250528098843,365.8641487595754
50,5,2,0.9,linreg,0.9972679839808498,1.34405938372733
50,5,2,0.9,pcr,0.24676658968096266,370.5653357007545
50,5,2,0.9,pls,0.9525504121932855,23.343590703192667
25,5,1,0.9,linreg,0.9955934745682783,2.167618060786047
25,5,1,0.9,pcr,0.20101063537891262,393.03160822833394
25,5,1,0.9,pls,0.20232269335495678,392.3861925579289
25,5,2,0.9,linreg,0.9955934745682783,2.167618060786047
25,5,2,0.9,pcr,0.19715604079830906,394.9277254661414
25,5,2,0.9,pls,0.9162627791968051,41.1912548754121
15,5,1,0.9,linreg,0.9959778901393209,1.9785455112826666
15,5,1,0.9,pcr,0.20018120477172052,393.4447197996826
15,5,1,0.9,pls,0.20881866274102834,389.1958046069033
15,5,2,0.9,linreg,0.9959778901393209,1.9785455112826666
15,5,2,0.9,pcr,0.20015336170471665,393.4584162866382
15,5,2,0.9,pls,0.9461884113419557,26.470852582924422
10,5,1,0.9,linreg,0.996925686885389,1.5122563437398056
10,5,1,0.9,pcr,0.21680643527492138,385.25335334345766
10,5,1,0.9,pls,0.2230291538157868,382.1923946063638
10,5,2,0.9,linreg,0.996925686885389,1.5122563437398056
10,5,2,0.9,pcr,0.21851233792255687,384.4142188751992
10,5,2,0.9,pls,0.914604441166971,42.006123240569934
5,5,1,0.9,linreg,0.3801464818636182,304.8985854531684
5,5,1,0.9,pcr,0.09614831441878513,444.5939118353762
5,5,1,0.9,pls,0.0820720664641792,451.5178510633909
5,5,2,0.9,linreg,0.3801464818636182,304.8985854531684
5,5,2,0.9,pcr,0.10128906644509006,442.06523695473936
5,5,2,0.9,pls,0.4109103604395886,289.7661988708232
50,5,1,0.99,linreg,0.9952816384206857,1.3828638385578629
50,5,1,0.99,pcr,0.8980001521161438,29.894254352055828
50,5,1,0.99,pls,0.8978482915441309,29.93876185535103
50,5,2,0.99,linreg,0.9952816384206857,1.3828638385578629
50,5,2,0.99,pcr,0.9097867581376217,26.439819804714702
50,5,2,0.99,pls,0.9922626116872171,2.2676843058269642
25,5,1,0.99,linreg,0.9943206885223299,1.6646137662232183
25,5,1,0.99,pcr,0.8872623578420022,33.043553227465914
25,5,1,0.99,pls,0.8868195646393483,33.17333650553156
25,5,2,0.99,linreg,0.9943206885223299,1.6646137662232183
25,5,2,0.99,pcr,0.889062056480492,32.51605915702058
25,5,2,0.99,pls,0.9891738333433171,3.1731638813961074
15,5,1,0.99,linreg,0.9932134653381719,1.9892127553469932
15,5,1,0.99,pcr,0.887847685373322,32.87315631818793
15,5,1,0.99,pls,0.8877536293158134,32.9007252497026
15,5,2,0.99,linreg,0.9932134653381719,1.9892127553469932
15,5,2,0.99,pcr,0.9730195127789193,7.9082966491757185
15,5,2,0.99,pls,0.9832584810046645,4.907135200637802
10,5,1,0.99,linreg,0.9901691727607094,2.881558670697834
10,5,1,0.99,pcr,0.89064927022765,32.05229182171941
10,5,1,0.99,pls,0.8909063625299525,31.976934322819567
10,5,2,0.99,linreg,0.9901691727607094,2.881558670697834
10,5,2,0.99,pcr,0.9345086026670937,19.196482579463048
10,5,2,0.99,pls,0.9720619668233246,8.18904450082697
5,5,1,0.99,linreg,0.9944731474908208,1.620037511176027
5,5,1,0.99,pcr,0.8988854134323693,29.638826600593763
5,5,1,0.99,pls,0.8985786478619906,29.728746085567433
5,5,2,0.99,linreg,0.9944731474908208,1.620037511176027
5,5,2,0.99,pcr,0.9645864526702022,10.380460665957033
5,5,2,0.99,pls,0.9714075820033644,8.381043209103792
