train_sample_size,N,n_components,ro,linreg,pcr,pls
5000.0,500.0,500.0,0.01,0.9999963813114803,0.9999963813114803,0.9999962246818556
5000.0,500.0,250.0,0.01,0.9999963813114803,0.47992626008808603,0.999996350552252
5000.0,500.0,166.0,0.01,0.9999963813114803,0.3000890735350341,0.9999963743607624
5000.0,500.0,100.0,0.01,0.9999963813114803,0.17101273156339036,0.9999963816121701
5000.0,500.0,50.0,0.01,0.9999963813114803,0.09694844015428528,0.9999963813114803
5000.0,500.0,5.0,0.01,0.9999963813114803,0.015069295790322235,0.9999482598311921
5000.0,500.0,2.0,0.01,0.9999963813114803,0.0026230491121452815,0.9409779205745258
2500.0,500.0,500.0,0.01,0.9999959950378843,0.9999959950378843,0.9999957088475688
2500.0,500.0,250.0,0.01,0.9999959950378843,0.5074137702628081,0.9999959124702547
2500.0,500.0,166.0,0.01,0.9999959950378843,0.30208102769176925,0.9999959679032699
2500.0,500.0,100.0,0.01,0.9999959950378843,0.1763898630866415,0.9999959782789346
2500.0,500.0,50.0,0.01,0.9999959950378843,0.09297889251887725,0.9999959950378843
2500.0,500.0,5.0,0.01,0.9999959950378843,0.003543596329832366,0.9989024640377548
2500.0,500.0,2.0,0.01,0.9999959950378843,0.0008252630292168162,0.900360456254809
1500.0,500.0,500.0,0.01,0.9999951632035576,0.9999951632035576,0.9999947984814348
1500.0,500.0,250.0,0.01,0.9999951632035576,0.4819870188258122,0.9999951090899352
1500.0,500.0,166.0,0.01,0.9999951632035576,0.29452126399632417,0.9999951247171545
1500.0,500.0,100.0,0.01,0.9999951632035576,0.179984289333603,0.9999951632035577
1500.0,500.0,50.0,0.01,0.9999951632035576,0.07534642581221118,0.9999951632035575
1500.0,500.0,5.0,0.01,0.9999951632035576,0.008404987333553993,0.9931947685289735
1500.0,500.0,2.0,0.01,0.9999951632035576,0.0031825584035826138,0.9184742072929855
1000.0,500.0,500.0,0.01,0.9999934733625533,0.9999934733625533,0.999992984174744
1000.0,500.0,250.0,0.01,0.9999934733625533,0.4969699842344969,0.999993411765922
1000.0,500.0,166.0,0.01,0.9999934733625533,0.33471198176987427,0.999993473354966
1000.0,500.0,100.0,0.01,0.9999934733625533,0.16836586772520157,0.9999934733625533
1000.0,500.0,50.0,0.01,0.9999934733625533,0.08033341901161006,0.9999934733638642
1000.0,500.0,5.0,0.01,0.9999934733625533,0.00523227304489815,0.9606064285552466
1000.0,500.0,2.0,0.01,0.9999934733625533,0.0002872213791742517,0.8325741291726266
500.0,500.0,500.0,0.01,0.9960061560048111,0.9983660442161622,0.9982378636084418
500.0,500.0,250.0,0.01,0.9960061560048111,0.5047083158308248,0.9937785789016204
500.0,500.0,166.0,0.01,0.9960061560048111,0.33446519249841233,0.9925724491112017
500.0,500.0,100.0,0.01,0.9960061560048111,0.1821939530183183,0.9895527983673311
500.0,500.0,50.0,0.01,0.9960061560048111,0.07768772292701087,0.9766241113343532
500.0,500.0,5.0,0.01,0.9960061560048111,0.005967789230542753,0.7913847095617877
500.0,500.0,2.0,0.01,0.9960061560048111,0.003165084505258542,0.5822751696457162
5000.0,500.0,500.0,0.1,0.9999966111993531,0.9999966111993531,0.9999964592516606
5000.0,500.0,250.0,0.1,0.9999966111993531,0.5533985887212509,0.9999966092026763
5000.0,500.0,166.0,0.1,0.9999966111993531,0.39366262283494136,0.9999966078641337
5000.0,500.0,100.0,0.1,0.9999966111993531,0.24927952421280908,0.9999966141476323
5000.0,500.0,50.0,0.1,0.9999966111993531,0.14460544653714247,0.9999966111993531
5000.0,500.0,5.0,0.1,0.9999966111993531,0.09153433872498773,0.9999093225605675
5000.0,500.0,2.0,0.1,0.9999966111993531,0.08771311027636064,0.9222827595715821
2500.0,500.0,500.0,0.1,0.999996221708894,0.999996221708894,0.9999958968195293
2500.0,500.0,250.0,0.1,0.999996221708894,0.5371491699805698,0.9999961675420682
2500.0,500.0,166.0,0.1,0.999996221708894,0.3681027685702061,0.9999962239131381
2500.0,500.0,100.0,0.1,0.999996221708894,0.2771979935991432,0.999996223811295
2500.0,500.0,50.0,0.1,0.999996221708894,0.16182018779395557,0.999996221708894
2500.0,500.0,5.0,0.1,0.999996221708894,0.0872496884539461,0.9985821710665304
2500.0,500.0,2.0,0.1,0.999996221708894,0.08540128909472344,0.8498734196358846
1500.0,500.0,500.0,0.1,0.9999954410127488,0.9999954410127488,0.9999951172919517
1500.0,500.0,250.0,0.1,0.9999954410127488,0.5366969501240431,0.9999954547078296
1500.0,500.0,166.0,0.1,0.9999954410127488,0.3796810118201438,0.9999954453844043
1500.0,500.0,100.0,0.1,0.9999954410127488,0.27558245469395837,0.9999954410127487
1500.0,500.0,50.0,0.1,0.9999954410127488,0.18382467858920792,0.9999954410127488
1500.0,500.0,5.0,0.1,0.9999954410127488,0.08654420816408281,0.9907924095621767
1500.0,500.0,2.0,0.1,0.9999954410127488,0.08529058834471137,0.7628554323933986
1000.0,500.0,500.0,0.1,0.9999936689143858,0.9999936689143858,0.9999933528916588
1000.0,500.0,250.0,0.1,0.9999936689143858,0.5443937253778725,0.9999936331978394
1000.0,500.0,166.0,0.1,0.9999936689143858,0.42508337498010884,0.9999936689135266
1000.0,500.0,100.0,0.1,0.9999936689143858,0.2804359541077832,0.9999936689143858
1000.0,500.0,50.0,0.1,0.9999936689143858,0.18350127073981848,0.9999936689126205
1000.0,500.0,5.0,0.1,0.9999936689143858,0.0894826275813152,0.9644139314221717
1000.0,500.0,2.0,0.1,0.9999936689143858,0.08495408042728336,0.6920588962110128
500.0,500.0,500.0,0.1,0.9993935625822274,0.9993869238600905,0.9994037555860961
500.0,500.0,250.0,0.1,0.9993935625822274,0.554997631199099,0.9988371362960023
500.0,500.0,166.0,0.1,0.9993935625822274,0.37652999839303936,0.9972711041803569
500.0,500.0,100.0,0.1,0.9993935625822274,0.23579957299431653,0.991528411779426
500.0,500.0,50.0,0.1,0.9993935625822274,0.1433188791421961,0.985290291262528
500.0,500.0,5.0,0.1,0.9993935625822274,0.091724988492485,0.8221389556750485
500.0,500.0,2.0,0.1,0.9993935625822274,0.08642945581210348,0.5538568574169578
5000.0,500.0,500.0,0.2,0.9999963070973665,0.9999963070973665,0.9999960892417452
5000.0,500.0,250.0,0.2,0.9999963070973665,0.5194388231806513,0.9999962606187937
5000.0,500.0,166.0,0.2,0.9999963070973665,0.28505757193399106,0.9999962897419311
5000.0,500.0,100.0,0.2,0.9999963070973665,0.18829111661011189,0.9999963000462544
5000.0,500.0,50.0,0.2,0.9999963070973665,0.1076190073279849,0.9999963070973665
5000.0,500.0,5.0,0.2,0.9999963070973665,0.02360933211902483,0.999887706697947
5000.0,500.0,2.0,0.2,0.9999963070973665,0.013622155020749926,0.9060274740355554
2500.0,500.0,500.0,0.2,0.9999958897118594,0.9999958897118594,0.9999956051363157
2500.0,500.0,250.0,0.2,0.9999958897118594,0.5186797208525179,0.9999958383220781
2500.0,500.0,166.0,0.2,0.9999958897118594,0.29919491027867406,0.9999958881690896
2500.0,500.0,100.0,0.2,0.9999958897118594,0.1977031314358625,0.9999958879204398
2500.0,500.0,50.0,0.2,0.9999958897118594,0.11681577427948764,0.9999958897118594
2500.0,500.0,5.0,0.2,0.9999958897118594,0.017418633895322944,0.9986868015888463
2500.0,500.0,2.0,0.2,0.9999958897118594,0.0137572725126347,0.8393335217382503
1500.0,500.0,500.0,0.2,0.9999951698046831,0.9999951698046831,0.9999948482986779
1500.0,500.0,250.0,0.2,0.9999951698046831,0.49618717365609166,0.999995147753514
1500.0,500.0,166.0,0.2,0.9999951698046831,0.3471796777627233,0.9999951566025197
1500.0,500.0,100.0,0.2,0.9999951698046831,0.20868019966337736,0.999995169804683
1500.0,500.0,50.0,0.2,0.9999951698046831,0.11124745142685277,0.999995169804683
1500.0,500.0,5.0,0.2,0.9999951698046831,0.02155752955287893,0.9893804319276858
1500.0,500.0,2.0,0.2,0.9999951698046831,0.01633770665391132,0.7319658335878938
1000.0,500.0,500.0,0.2,0.999993179612334,0.999993179612334,0.9999926816491909
1000.0,500.0,250.0,0.2,0.999993179612334,0.47513069638680605,0.9999931103361946
1000.0,500.0,166.0,0.2,0.999993179612334,0.31949853371538806,0.9999931796091688
1000.0,500.0,100.0,0.2,0.999993179612334,0.19471041578007064,0.999993179612334
1000.0,500.0,50.0,0.2,0.999993179612334,0.1029141690959563,0.999993179602092
1000.0,500.0,5.0,0.2,0.999993179612334,0.0179308837820209,0.9534206936180781
1000.0,500.0,2.0,0.2,0.999993179612334,0.014056064307407024,0.6401042542033283
500.0,500.0,500.0,0.2,0.9934448351676755,0.9921296621590776,0.8428353956908432
500.0,500.0,250.0,0.2,0.9934448351676755,0.4683598000996074,0.9976156828061541
500.0,500.0,166.0,0.2,0.9934448351676755,0.3256800055292788,0.9948106697750146
500.0,500.0,100.0,0.2,0.9934448351676755,0.1784839642565761,0.9873569632376564
500.0,500.0,50.0,0.2,0.9934448351676755,0.11273460959462411,0.9619038236889407
500.0,500.0,5.0,0.2,0.9934448351676755,0.017609006651744807,0.7404801506470502
500.0,500.0,2.0,0.2,0.9934448351676755,0.014531362271684278,0.4591988373200797
5000.0,500.0,500.0,0.5,0.9999950837678941,0.9999950837678941,0.9999948859930534
5000.0,500.0,250.0,0.5,0.9999950837678941,0.5718921176094675,0.999995049683433
5000.0,500.0,166.0,0.5,0.9999950837678941,0.40218679735324303,0.9999950706154519
5000.0,500.0,100.0,0.5,0.9999950837678941,0.27388505872389557,0.9999950824936663
5000.0,500.0,50.0,0.5,0.9999950837678941,0.18037833754503318,0.9999950837678941
5000.0,500.0,5.0,0.5,0.9999950837678941,0.08101004214367624,0.9999046634097383
5000.0,500.0,2.0,0.5,0.9999950837678941,0.07647146396330895,0.9103615559608735
2500.0,500.0,500.0,0.5,0.9999944119467113,0.9999944119467113,0.999994120480653
2500.0,500.0,250.0,0.5,0.9999944119467113,0.5341751353108894,0.9999943546063977
2500.0,500.0,166.0,0.5,0.9999944119467113,0.35835988696284615,0.9999944131994849
2500.0,500.0,100.0,0.5,0.9999944119467113,0.26165320346410537,0.9999944130108966
2500.0,500.0,50.0,0.5,0.9999944119467113,0.16004170400945095,0.9999944119467113
2500.0,500.0,5.0,0.5,0.9999944119467113,0.08020152629191835,0.9983037888992571
2500.0,500.0,2.0,0.5,0.9999944119467113,0.07688325296671872,0.8288701097262803
1500.0,500.0,500.0,0.5,0.9999931371094857,0.9999931371094857,0.9999929562869356
1500.0,500.0,250.0,0.5,0.9999931371094857,0.5316985242566833,0.999993111753365
1500.0,500.0,166.0,0.5,0.9999931371094857,0.35852365242171436,0.9999931327854578
1500.0,500.0,100.0,0.5,0.9999931371094857,0.24841287442769644,0.9999931371094876
1500.0,500.0,50.0,0.5,0.9999931371094857,0.15563941300422823,0.9999931371094856
1500.0,500.0,5.0,0.5,0.9999931371094857,0.08316575498104861,0.9910968261695732
1500.0,500.0,2.0,0.5,0.9999931371094857,0.07526868983153712,0.7611004544087044
1000.0,500.0,500.0,0.5,0.9999905876575175,0.9999905876575175,0.9999903089469152
1000.0,500.0,250.0,0.5,0.9999905876575175,0.5251102296988976,0.9999905521586889
1000.0,500.0,166.0,0.5,0.9999905876575175,0.39594306586974426,0.9999905876595441
1000.0,500.0,100.0,0.5,0.9999905876575175,0.27093686977370046,0.9999905876575175
1000.0,500.0,50.0,0.5,0.9999905876575175,0.19207556774778967,0.9999905876587454
1000.0,500.0,5.0,0.5,0.9999905876575175,0.08022500632170804,0.9674238151120509
1000.0,500.0,2.0,0.5,0.9999905876575175,0.07572002947350698,0.6921983481858163
500.0,500.0,500.0,0.5,0.9980010378044009,0.9983368284594327,0.95120386692202
500.0,500.0,250.0,0.5,0.9980010378044009,0.5763566678113514,0.9942026176325852
500.0,500.0,166.0,0.5,0.9980010378044009,0.3706166287333821,0.9923824488112836
500.0,500.0,100.0,0.5,0.9980010378044009,0.2648007058903249,0.9869280165215679
500.0,500.0,50.0,0.5,0.9980010378044009,0.1849586290486258,0.9750127325334533
500.0,500.0,5.0,0.5,0.9980010378044009,0.07594850381414386,0.8176532642145616
500.0,500.0,2.0,0.5,0.9980010378044009,0.0713208568493392,0.5437858727357978
5000.0,500.0,500.0,0.7,0.9999944454101038,0.9999944454101038,0.9999941957475184
5000.0,500.0,250.0,0.7,0.9999944454101038,0.5380739177383895,0.9999943877483078
5000.0,500.0,166.0,0.7,0.9999944454101038,0.3839803419281208,0.9999944123792851
5000.0,500.0,100.0,0.7,0.9999944454101038,0.2903415894680673,0.9999944407337509
5000.0,500.0,50.0,0.7,0.9999944454101038,0.1788938567980931,0.999994445410104
5000.0,500.0,5.0,0.7,0.9999944454101038,0.1106310752039752,0.9999069692714889
5000.0,500.0,2.0,0.7,0.9999944454101038,0.10250887870963232,0.9157940689552267
2500.0,500.0,500.0,0.7,0.9999937503769654,0.9999937503769654,0.9999933272977986
2500.0,500.0,250.0,0.7,0.9999937503769654,0.5255903427904254,0.9999936681349145
2500.0,500.0,166.0,0.7,0.9999937503769654,0.39803216678665343,0.9999937326564557
2500.0,500.0,100.0,0.7,0.9999937503769654,0.28834745933789074,0.9999937560424698
2500.0,500.0,50.0,0.7,0.9999937503769654,0.2024050146280887,0.9999937503769654
2500.0,500.0,5.0,0.7,0.9999937503769654,0.10838429469560174,0.9988879107805752
2500.0,500.0,2.0,0.7,0.9999937503769654,0.10214285860250283,0.8302728465344377
1500.0,500.0,500.0,0.7,0.9999925753190108,0.9999925753190108,0.9999920088987029
1500.0,500.0,250.0,0.7,0.9999925753190108,0.5189824753033214,0.9999926036348414
1500.0,500.0,166.0,0.7,0.9999925753190108,0.37873031755641084,0.9999925793218036
1500.0,500.0,100.0,0.7,0.9999925753190108,0.2721289255397158,0.9999925753190048
1500.0,500.0,50.0,0.7,0.9999925753190108,0.1898640129596113,0.9999925753190108
1500.0,500.0,5.0,0.7,0.9999925753190108,0.10220815140166883,0.9915906482398807
1500.0,500.0,2.0,0.7,0.9999925753190108,0.10136864476694896,0.7572100793974543
1000.0,500.0,500.0,0.7,0.9999904708098846,0.9999904708098846,0.9999897527475312
1000.0,500.0,250.0,0.7,0.9999904708098846,0.5348398362379393,0.9999904806630314
1000.0,500.0,166.0,0.7,0.9999904708098846,0.3748761754699108,0.9999904707131667
1000.0,500.0,100.0,0.7,0.9999904708098846,0.2736720102995819,0.9999904708098846
1000.0,500.0,50.0,0.7,0.9999904708098846,0.180961093222075,0.9999904708086991
1000.0,500.0,5.0,0.7,0.9999904708098846,0.10264868873602107,0.9680866549064441
1000.0,500.0,2.0,0.7,0.9999904708098846,0.09979910143430848,0.682233426395764
500.0,500.0,500.0,0.7,0.9977827493562168,0.9934718296127427,0.9946185164440502
500.0,500.0,250.0,0.7,0.9977827493562168,0.5188980695376695,0.988559923586922
500.0,500.0,166.0,0.7,0.9977827493562168,0.3881622860354401,0.9860129698305385
500.0,500.0,100.0,0.7,0.9977827493562168,0.28278363937054785,0.9830573549060664
500.0,500.0,50.0,0.7,0.9977827493562168,0.18671425221701554,0.975251151641722
500.0,500.0,5.0,0.7,0.9977827493562168,0.10491086878073352,0.7905278826275371
500.0,500.0,2.0,0.7,0.9977827493562168,0.09750002297398241,0.5268106990729795
5000.0,500.0,500.0,0.9,0.9999972704027307,0.9999972704027307,0.99999711474077
5000.0,500.0,250.0,0.9,0.9999972704027307,0.9172603405775736,0.9999972337905274
5000.0,500.0,166.0,0.9,0.9999972704027307,0.8917109580738403,0.9999972605368035
5000.0,500.0,100.0,0.9,0.9999972704027307,0.8766362656963419,0.9999972703337554
5000.0,500.0,50.0,0.9,0.9999972704027307,0.8585544101969415,0.9999972704027308
5000.0,500.0,5.0,0.9,0.9999972704027307,0.8463635727375936,0.9999791787513794
5000.0,500.0,2.0,0.9,0.9999972704027307,0.8467345147544466,0.9851962019066696
2500.0,500.0,500.0,0.9,0.9999969106392558,0.9999969106392558,0.9999966998737703
2500.0,500.0,250.0,0.9,0.9999969106392558,0.9219688218572719,0.9999968706854842
2500.0,500.0,166.0,0.9,0.9999969106392558,0.8978417722296446,0.9999968964243094
2500.0,500.0,100.0,0.9,0.9999969106392558,0.8782082776483725,0.999996908100442
2500.0,500.0,50.0,0.9,0.9999969106392558,0.8616720346654598,0.9999969106392558
2500.0,500.0,5.0,0.9,0.9999969106392558,0.8461297589089053,0.9997646661055833
2500.0,500.0,2.0,0.9,0.9999969106392558,0.843497029210955,0.9722434402498887
1500.0,500.0,500.0,0.9,0.9999962738263327,0.9999962738263327,0.9999959800969267
1500.0,500.0,250.0,0.9,0.9999962738263327,0.9219745646630089,0.9999962183303884
1500.0,500.0,166.0,0.9,0.9999962738263327,0.891477802992529,0.9999962721108467
1500.0,500.0,100.0,0.9,0.9999962738263327,0.877800150597869,0.9999962738263298
1500.0,500.0,50.0,0.9,0.9999962738263327,0.860598542891843,0.9999962738263327
1500.0,500.0,5.0,0.9,0.9999962738263327,0.8437192234558596,0.9984500871651754
1500.0,500.0,2.0,0.9,0.9999962738263327,0.843426658928144,0.9566044925303899
1000.0,500.0,500.0,0.9,0.999994980160099,0.999994980160099,0.9999947009828491
1000.0,500.0,250.0,0.9,0.999994980160099,0.9279495772244303,0.9999949785801634
1000.0,500.0,166.0,0.9,0.999994980160099,0.8953730722369141,0.999994979698825
1000.0,500.0,100.0,0.9,0.999994980160099,0.8779870403582791,0.999994980160099
1000.0,500.0,50.0,0.9,0.999994980160099,0.8600855537134332,0.9999949801594115
1000.0,500.0,5.0,0.9,0.999994980160099,0.8448856175018347,0.9929720474871111
1000.0,500.0,2.0,0.9,0.999994980160099,0.8452046435030944,0.9448312395995849
500.0,500.0,500.0,0.9,0.9981876389794199,0.9981377123567641,0.9981400681654067
500.0,500.0,250.0,0.9,0.9981876389794199,0.922614997553492,0.9994241385185442
500.0,500.0,166.0,0.9,0.9981876389794199,0.8948399438351178,0.998948628094132
500.0,500.0,100.0,0.9,0.9981876389794199,0.8753697488171176,0.9980266776026161
500.0,500.0,50.0,0.9,0.9981876389794199,0.8581505696189529,0.9956140537142768
500.0,500.0,5.0,0.9,0.9981876389794199,0.8449936744494512,0.9592570797204435
500.0,500.0,2.0,0.9,0.9981876389794199,0.8432070546721003,0.9169603854833887
5000.0,500.0,500.0,0.99,0.999991142283539,0.999991142283539,0.9999908912420943
5000.0,500.0,250.0,0.99,0.999991142283539,0.9751598467589159,0.9999911012632546
5000.0,500.0,166.0,0.99,0.999991142283539,0.9649346702768896,0.9999911279315469
5000.0,500.0,100.0,0.99,0.999991142283539,0.9546875666163726,0.9999911385594558
5000.0,500.0,50.0,0.99,0.999991142283539,0.9509065536998094,0.9999911422834605
5000.0,500.0,5.0,0.99,0.999991142283539,0.9453908448225845,0.9999861454758737
5000.0,500.0,2.0,0.99,0.999991142283539,0.9452240629969593,0.9951662241059281
2500.0,500.0,500.0,0.99,0.999990120569136,0.999990120569136,0.9999894209604473
2500.0,500.0,250.0,0.99,0.999990120569136,0.9741619468039384,0.9999900779678106
2500.0,500.0,166.0,0.99,0.999990120569136,0.9612559465444717,0.9999901222437922
2500.0,500.0,100.0,0.99,0.999990120569136,0.9547248331009098,0.9999901213992872
2500.0,500.0,50.0,0.99,0.999990120569136,0.9502961346641046,0.999990120569136
2500.0,500.0,5.0,0.99,0.999990120569136,0.9451119672652125,0.9999229701697254
2500.0,500.0,2.0,0.99,0.999990120569136,0.9450210167683878,0.9914350471832536
1500.0,500.0,500.0,0.99,0.999988369311062,0.999988369311062,0.9999875482916358
1500.0,500.0,250.0,0.99,0.999988369311062,0.9753876839385857,0.9999882829181554
1500.0,500.0,166.0,0.99,0.999988369311062,0.9638724553474829,0.9999883693449927
1500.0,500.0,100.0,0.99,0.999988369311062,0.9552794971991002,0.9999883693107353
1500.0,500.0,50.0,0.99,0.999988369311062,0.9511151932781947,0.999988369311062
1500.0,500.0,5.0,0.99,0.999988369311062,0.9453253242112407,0.9995037719514998
1500.0,500.0,2.0,0.99,0.999988369311062,0.945118120924088,0.9861638305271273
1000.0,500.0,500.0,0.99,0.9999837289277335,0.9999837289277335,0.9999830444697819
1000.0,500.0,250.0,0.99,0.9999837289277335,0.973685008137567,0.9999837378550301
1000.0,500.0,166.0,0.99,0.9999837289277335,0.9627768663212968,0.9999837276417214
1000.0,500.0,100.0,0.99,0.9999837289277335,0.9564714758972875,0.9999837289277335
1000.0,500.0,50.0,0.99,0.9999837289277335,0.9525878230197062,0.9999837289281049
1000.0,500.0,5.0,0.99,0.9999837289277335,0.9455400888367559,0.9980055412690488
1000.0,500.0,2.0,0.99,0.9999837289277335,0.9450124851688029,0.9811160484900973
500.0,500.0,500.0,0.99,0.9470156114438781,0.9470218326561609,0.9470217368023123
500.0,500.0,250.0,0.99,0.9470156114438781,0.9726793063997551,0.9994112205424134
500.0,500.0,166.0,0.99,0.9470156114438781,0.9633008846705546,0.9994069295900465
500.0,500.0,100.0,0.99,0.9470156114438781,0.9563646764623405,0.9992341106716145
500.0,500.0,50.0,0.99,0.9470156114438781,0.9503824406403081,0.9988529796363753
500.0,500.0,5.0,0.99,0.9470156114438781,0.9450509844240517,0.9882560836881856
500.0,500.0,2.0,0.99,0.9470156114438781,0.944570610123807,0.971593524755134
1000.0,100.0,100.0,0.01,0.9999831626129903,0.9999831626129903,0.9999828043243671
1000.0,100.0,50.0,0.01,0.9999831626129903,0.48782815518413425,0.9999831626130097
1000.0,100.0,33.0,0.01,0.9999831626129903,0.28279332192350215,0.9999831626129903
1000.0,100.0,20.0,0.01,0.9999831626129903,0.07402534761205781,0.9999831626130016
1000.0,100.0,10.0,0.01,0.9999831626129903,0.03645607743657642,0.9999831599293354
1000.0,100.0,1.0,0.01,0.9999831626129903,0.018943849320860795,0.8980697982209789
500.0,100.0,100.0,0.01,0.9999811082162076,0.9999811082162076,0.9999799537260189
500.0,100.0,50.0,0.01,0.9999811082162076,0.5557937751105666,0.9999811082162076
500.0,100.0,33.0,0.01,0.9999811082162076,0.33826269328089287,0.9999811082162073
500.0,100.0,20.0,0.01,0.9999811082162076,0.17221833269893294,0.9999811082562157
500.0,100.0,10.0,0.01,0.9999811082162076,0.09859661391601127,0.9999807722358193
500.0,100.0,1.0,0.01,0.9999811082162076,0.016867171847434248,0.8265015180650286
300.0,100.0,100.0,0.01,0.9999759571816554,0.9999759571816554,0.9999755199034959
300.0,100.0,50.0,0.01,0.9999759571816554,0.5028981109172654,0.9999759571816554
300.0,100.0,33.0,0.01,0.9999759571816554,0.2582492681578964,0.9999759571808874
300.0,100.0,20.0,0.01,0.9999759571816554,0.11665511037415,0.999975959243436
300.0,100.0,10.0,0.01,0.9999759571816554,0.078853726856846,0.9999596280391985
300.0,100.0,1.0,0.01,0.9999759571816554,0.03254426865096316,0.7360321549113924
200.0,100.0,100.0,0.01,0.9999692848713861,0.9999692848713861,0.999969290564928
200.0,100.0,50.0,0.01,0.9999692848713861,0.5834596415979042,0.9999692848711257
200.0,100.0,33.0,0.01,0.9999692848713861,0.34264365756392223,0.9999692853620314
200.0,100.0,20.0,0.01,0.9999692848713861,0.20480310685018588,0.9999690781033738
200.0,100.0,10.0,0.01,0.9999692848713861,0.0945243044907792,0.9986872377716166
200.0,100.0,1.0,0.01,0.9999692848713861,0.03632996032722535,0.6243127161134834
100.0,100.0,100.0,0.01,0.9908631023980419,0.9979852973784286,0.9935594352854269
100.0,100.0,50.0,0.01,0.9908631023980419,0.5638261529432993,0.9854499699427471
100.0,100.0,33.0,0.01,0.9908631023980419,0.39491879516396955,0.9823137067693833
100.0,100.0,20.0,0.01,0.9908631023980419,0.21925339247422637,0.9734483216677196
100.0,100.0,10.0,0.01,0.9908631023980419,0.14246523719885418,0.9298783723022551
100.0,100.0,1.0,0.01,0.9908631023980419,-0.004463007036618949,0.5098643935900076
1000.0,100.0,100.0,0.1,0.9999844527314339,0.9999844527314339,0.9999844320928554
1000.0,100.0,50.0,0.1,0.9999844527314339,0.5184916095942905,0.999984452731433
1000.0,100.0,33.0,0.1,0.9999844527314339,0.2735628389353596,0.9999844527314339
1000.0,100.0,20.0,0.1,0.9999844527314339,0.2317302231010273,0.9999844527314302
1000.0,100.0,10.0,0.1,0.9999844527314339,0.06961351750516309,0.9999844530810559
1000.0,100.0,1.0,0.1,0.9999844527314339,0.023289992462757647,0.4086673411101608
500.0,100.0,100.0,0.1,0.9999824387007175,0.9999824387007175,0.999982091011286
500.0,100.0,50.0,0.1,0.9999824387007175,0.46469294345172063,0.9999824387007175
500.0,100.0,33.0,0.1,0.9999824387007175,0.30504242186189634,0.9999824387007175
500.0,100.0,20.0,0.1,0.9999824387007175,0.20273851972900092,0.999982438771803
500.0,100.0,10.0,0.1,0.9999824387007175,0.055864993814324526,0.9999822652593575
500.0,100.0,1.0,0.1,0.9999824387007175,0.020103283723499232,0.5180694599866134
300.0,100.0,100.0,0.1,0.9999800178289067,0.9999800178289067,0.9999791175117092
300.0,100.0,50.0,0.1,0.9999800178289067,0.49084200792565147,0.9999800178289067
300.0,100.0,33.0,0.1,0.9999800178289067,0.38220481110209237,0.9999800178285537
300.0,100.0,20.0,0.1,0.9999800178289067,0.3148302327175081,0.9999800155027977
300.0,100.0,10.0,0.1,0.9999800178289067,0.2048087822379041,0.9999696243593404
300.0,100.0,1.0,0.1,0.9999800178289067,0.011969773751342672,0.5284538382515813
200.0,100.0,100.0,0.1,0.9999739053833853,0.9999739053833853,0.9999739061785625
200.0,100.0,50.0,0.1,0.9999739053833853,0.6069990032479728,0.9999739053841767
200.0,100.0,33.0,0.1,0.9999739053833853,0.40646487460792824,0.9999739044828098
200.0,100.0,20.0,0.1,0.9999739053833853,0.3057337242421583,0.9999736369704081
200.0,100.0,10.0,0.1,0.9999739053833853,0.1985966187720667,0.9994271028659321
200.0,100.0,1.0,0.1,0.9999739053833853,0.0008282503048958612,0.643089887166731
100.0,100.0,100.0,0.1,0.9925134924593009,0.9936146921048263,0.9936438208168457
100.0,100.0,50.0,0.1,0.9925134924593009,0.5668840542983355,0.9907535925422506
100.0,100.0,33.0,0.1,0.9925134924593009,0.4594779955898748,0.9846522373076553
100.0,100.0,20.0,0.1,0.9925134924593009,0.41365800621999793,0.9662622253509917
100.0,100.0,10.0,0.1,0.9925134924593009,0.21652714519158833,0.9110406074262547
100.0,100.0,1.0,0.1,0.9925134924593009,0.012698477720270995,0.5497394832597373
1000.0,100.0,100.0,0.2,0.9999829621304294,0.9999829621304294,0.9999830242812654
1000.0,100.0,50.0,0.2,0.9999829621304294,0.4864777783497626,0.99998296213043
1000.0,100.0,33.0,0.2,0.9999829621304294,0.31105440743527923,0.9999829621304294
1000.0,100.0,20.0,0.2,0.9999829621304294,0.19055279506244405,0.999982962130451
1000.0,100.0,10.0,0.2,0.9999829621304294,0.0665146565240371,0.9999829644504906
1000.0,100.0,1.0,0.2,0.9999829621304294,0.03290547488828233,0.14601860941483935
500.0,100.0,100.0,0.2,0.9999803954409922,0.9999803954409922,0.9999799273033629
500.0,100.0,50.0,0.2,0.9999803954409922,0.598988985190289,0.9999803954409922
500.0,100.0,33.0,0.2,0.9999803954409922,0.32164449806241413,0.9999803954409922
500.0,100.0,20.0,0.2,0.9999803954409922,0.246720136123181,0.9999803954885296
500.0,100.0,10.0,0.2,0.9999803954409922,0.07600835253135863,0.9999800237487853
500.0,100.0,1.0,0.2,0.9999803954409922,0.024025941394900996,0.29825795250587794
300.0,100.0,100.0,0.2,0.9999775023538906,0.9999775023538906,0.9999770217114352
300.0,100.0,50.0,0.2,0.9999775023538906,0.6073898665378895,0.9999775023538906
300.0,100.0,33.0,0.2,0.9999775023538906,0.4050409400961087,0.9999775023550337
300.0,100.0,20.0,0.2,0.9999775023538906,0.2893683934921395,0.9999775012285766
300.0,100.0,10.0,0.2,0.9999775023538906,0.08967251271576937,0.999946968649112
300.0,100.0,1.0,0.2,0.9999775023538906,0.01885693201888916,0.30068306142418955
200.0,100.0,100.0,0.2,0.9999689551875454,0.9999689551875454,0.999968841763845
200.0,100.0,50.0,0.2,0.9999689551875454,0.5483287080414782,0.9999689551872332
200.0,100.0,33.0,0.2,0.9999689551875454,0.38178813886333496,0.9999689528281139
200.0,100.0,20.0,0.2,0.9999689551875454,0.2036581633311012,0.9999684213028784
200.0,100.0,10.0,0.2,0.9999689551875454,0.05267786641405048,0.9993718474609827
200.0,100.0,1.0,0.2,0.9999689551875454,0.009543154172823809,0.43870579649947905
100.0,100.0,100.0,0.2,0.9050339131964942,0.9148129317774638,0.9235720567943486
100.0,100.0,50.0,0.2,0.9050339131964942,0.5363351461676198,0.8757392060747201
100.0,100.0,33.0,0.2,0.9050339131964942,0.3799150773343559,0.8528124064435267
100.0,100.0,20.0,0.2,0.9050339131964942,0.24637979681338396,0.842349871917561
100.0,100.0,10.0,0.2,0.9050339131964942,0.14597782021659733,0.8139192006210805
100.0,100.0,1.0,0.2,0.9050339131964942,0.03014009308954324,0.2312554048466613
1000.0,100.0,100.0,0.5,0.9999858219841649,0.9999858219841649,0.9999855054744248
1000.0,100.0,50.0,0.5,0.9999858219841649,0.7791000863430311,0.999985821984164
1000.0,100.0,33.0,0.5,0.9999858219841649,0.715657739737513,0.9999858219841649
1000.0,100.0,20.0,0.5,0.9999858219841649,0.6464322694887692,0.9999858219841606
1000.0,100.0,10.0,0.5,0.9999858219841649,0.5834263961885704,0.9999858155815312
1000.0,100.0,1.0,0.5,0.9999858219841649,0.5459002510351924,0.5611986483254328
500.0,100.0,100.0,0.5,0.999983549084435,0.999983549084435,0.9999835470786886
500.0,100.0,50.0,0.5,0.999983549084435,0.7850629963144604,0.999983549084435
500.0,100.0,33.0,0.5,0.999983549084435,0.7255620834710359,0.9999835490844352
500.0,100.0,20.0,0.5,0.999983549084435,0.6661686775806936,0.9999835491009992
500.0,100.0,10.0,0.5,0.999983549084435,0.6463265405301535,0.9999833395340704
500.0,100.0,1.0,0.5,0.999983549084435,0.5471851203945142,0.5627211647345891
300.0,100.0,100.0,0.5,0.9999805863408227,0.9999805863408227,0.9999804786136971
300.0,100.0,50.0,0.5,0.9999805863408227,0.7944829160691262,0.9999805863408228
300.0,100.0,33.0,0.5,0.9999805863408227,0.7286261541319593,0.9999805863398814
300.0,100.0,20.0,0.5,0.9999805863408227,0.6982435160734088,0.9999805783104532
300.0,100.0,10.0,0.5,0.9999805863408227,0.6621644848579806,0.9999728982297551
300.0,100.0,1.0,0.5,0.9999805863408227,0.5480473613684533,0.5644946200444598
200.0,100.0,100.0,0.5,0.9999753415601833,0.9999753415601833,0.9999753396380252
200.0,100.0,50.0,0.5,0.9999753415601833,0.7840403439348784,0.9999753415601329
200.0,100.0,33.0,0.5,0.9999753415601833,0.7171620424642133,0.9999753406471174
200.0,100.0,20.0,0.5,0.9999753415601833,0.6512370702086552,0.9999749294175854
200.0,100.0,10.0,0.5,0.9999753415601833,0.6071477367035081,0.9997825272377872
200.0,100.0,1.0,0.5,0.9999753415601833,0.5419178609921087,0.5596464869593685
100.0,100.0,100.0,0.5,0.9961546200610626,0.9975038692507734,0.9977118376186791
100.0,100.0,50.0,0.5,0.9961546200610626,0.7446432787319808,0.991003449803164
100.0,100.0,33.0,0.5,0.9961546200610626,0.668327239485004,0.9864351466344489
100.0,100.0,20.0,0.5,0.9961546200610626,0.6095162379862198,0.9743488875967263
100.0,100.0,10.0,0.5,0.9961546200610626,0.579602603514398,0.9568719761670574
100.0,100.0,1.0,0.5,0.9961546200610626,0.5221457325697485,0.5381574016129552
1000.0,100.0,100.0,0.7,0.9999881326548827,0.9999881326548827,0.9999875354312288
1000.0,100.0,50.0,0.7,0.9999881326548827,0.792110784454198,0.9999881326548761
1000.0,100.0,33.0,0.7,0.9999881326548827,0.7200864129554649,0.9999881326548827
1000.0,100.0,20.0,0.7,0.9999881326548827,0.6806298945402326,0.9999881326548554
1000.0,100.0,10.0,0.7,0.9999881326548827,0.6607918513926565,0.9999881294004898
1000.0,100.0,1.0,0.7,0.9999881326548827,0.6446408676284425,0.6494465495543165
500.0,100.0,100.0,0.7,0.9999863246053139,0.9999863246053139,0.9999856854728418
500.0,100.0,50.0,0.7,0.9999863246053139,0.7907792110808904,0.9999863246053139
500.0,100.0,33.0,0.7,0.9999863246053139,0.7356024307350766,0.9999863246053134
500.0,100.0,20.0,0.7,0.9999863246053139,0.683711505300564,0.9999863245783428
500.0,100.0,10.0,0.7,0.9999863246053139,0.6675240494461449,0.9999857685635373
500.0,100.0,1.0,0.7,0.9999863246053139,0.6449353159632951,0.6489816964172195
300.0,100.0,100.0,0.7,0.9999845622189552,0.9999845622189552,0.9999843668410973
300.0,100.0,50.0,0.7,0.9999845622189552,0.7937206451141419,0.9999845622189552
300.0,100.0,33.0,0.7,0.9999845622189552,0.7486125436039093,0.9999845622194387
300.0,100.0,20.0,0.7,0.9999845622189552,0.7052144673723255,0.9999845568111951
300.0,100.0,10.0,0.7,0.9999845622189552,0.6771161029980894,0.9999710023521824
300.0,100.0,1.0,0.7,0.9999845622189552,0.644889322249716,0.6483254257417959
200.0,100.0,100.0,0.7,0.9999800849401903,0.9999800849401903,0.9999800831574513
200.0,100.0,50.0,0.7,0.9999800849401903,0.7810972260077098,0.9999800849400379
200.0,100.0,33.0,0.7,0.9999800849401903,0.7295155950966754,0.9999800833916296
200.0,100.0,20.0,0.7,0.9999800849401903,0.6866709175447955,0.999979713353878
200.0,100.0,10.0,0.7,0.9999800849401903,0.6602316880247285,0.9992206613513169
200.0,100.0,1.0,0.7,0.9999800849401903,0.6436220061336992,0.6460048382341853
100.0,100.0,100.0,0.7,0.9751874910813136,0.9995871571426868,0.9996100192806644
100.0,100.0,50.0,0.7,0.9751874910813136,0.8189604800531392,0.999330800582351
100.0,100.0,33.0,0.7,0.9751874910813136,0.7248923780803609,0.9911788238070366
100.0,100.0,20.0,0.7,0.9751874910813136,0.6939821496489258,0.9804839612064069
100.0,100.0,10.0,0.7,0.9751874910813136,0.6653481334304334,0.9593062273079375
100.0,100.0,1.0,0.7,0.9751874910813136,0.6443533814351122,0.6475919429429062
1000.0,100.0,100.0,0.9,0.9999853048134733,0.9999853048134733,0.9999850842534643
1000.0,100.0,50.0,0.9,0.9999853048134733,0.9586375037628488,0.9999853048130477
1000.0,100.0,33.0,0.9,0.9999853048134733,0.9411559805912528,0.9999853048134733
1000.0,100.0,20.0,0.9,0.9999853048134733,0.9140947010858749,0.9999853048134691
1000.0,100.0,10.0,0.9,0.9999853048134733,0.8924277971783723,0.9999853029216145
1000.0,100.0,1.0,0.9,0.9999853048134733,0.873670014377124,0.8741892525455194
500.0,100.0,100.0,0.9,0.9999823531683564,0.9999823531683564,0.9999822202503361
500.0,100.0,50.0,0.9,0.9999823531683564,0.9399010354273668,0.9999823531683564
500.0,100.0,33.0,0.9,0.9999823531683564,0.9259836644499345,0.9999823531683564
500.0,100.0,20.0,0.9,0.9999823531683564,0.9055776242052668,0.9999823531500418
500.0,100.0,10.0,0.9,0.9999823531683564,0.8908223177172783,0.9999822568966761
500.0,100.0,1.0,0.9,0.9999823531683564,0.8736985281873191,0.8741723507353246
300.0,100.0,100.0,0.9,0.99997903713617,0.99997903713617,0.9999787880710945
300.0,100.0,50.0,0.9,0.99997903713617,0.954261641603977,0.99997903713617
300.0,100.0,33.0,0.9,0.99997903713617,0.9157799948027259,0.9999790371357807
300.0,100.0,20.0,0.9,0.99997903713617,0.8978161037006817,0.999979038176036
300.0,100.0,10.0,0.9,0.99997903713617,0.8820307992245694,0.999975117469411
300.0,100.0,1.0,0.9,0.99997903713617,0.873687682092285,0.8741883297596205
200.0,100.0,100.0,0.9,0.9999732278971917,0.9999732278971917,0.9999732263206691
200.0,100.0,50.0,0.9,0.9999732278971917,0.9648682240186391,0.9999732278968159
200.0,100.0,33.0,0.9,0.9999732278971917,0.9318202641004528,0.9999732272252522
200.0,100.0,20.0,0.9,0.9999732278971917,0.8914838109458729,0.9999740065218817
200.0,100.0,10.0,0.9,0.9999732278971917,0.8812556502252125,0.9998949781146128
200.0,100.0,1.0,0.9,0.9999732278971917,0.873217864777929,0.8736022587979108
100.0,100.0,100.0,0.9,0.997266013503143,0.9996277253608344,0.999195620732886
100.0,100.0,50.0,0.9,0.997266013503143,0.9369808807358253,0.998560896962133
100.0,100.0,33.0,0.9,0.997266013503143,0.9083925409755581,0.9972369541458174
100.0,100.0,20.0,0.9,0.997266013503143,0.8871712196350693,0.9953183942614967
100.0,100.0,10.0,0.9,0.997266013503143,0.8841850517988308,0.9898473147173708
100.0,100.0,1.0,0.9,0.997266013503143,0.8689776287408825,0.8686979888669095
1000.0,100.0,100.0,0.99,0.9999863538103814,0.9999863538103814,0.999986161504163
1000.0,100.0,50.0,0.99,0.9999863538103814,0.9932105131827682,0.9999863538100288
1000.0,100.0,33.0,0.99,0.9999863538103814,0.9905373844961961,0.9999863538103814
1000.0,100.0,20.0,0.99,0.9999863538103814,0.9883685245455845,0.9999863538103828
1000.0,100.0,10.0,0.99,0.9999863538103814,0.9873651514589926,0.9999863530471604
1000.0,100.0,1.0,0.99,0.9999863538103814,0.9870046595176223,0.9870160794308018
500.0,100.0,100.0,0.99,0.9999841789625434,0.9999841789625434,0.999984180125468
500.0,100.0,50.0,0.99,0.9999841789625434,0.9920057737227129,0.9999841789625434
500.0,100.0,33.0,0.99,0.9999841789625434,0.9907363673517273,0.9999841789625434
500.0,100.0,20.0,0.99,0.9999841789625434,0.9892996184668633,0.9999841789586107
500.0,100.0,10.0,0.99,0.9999841789625434,0.9879855204636515,0.9999841862132801
500.0,100.0,1.0,0.99,0.9999841789625434,0.9869723933126426,0.9869837561144391
300.0,100.0,100.0,0.99,0.999982356564087,0.999982356564087,0.9999823249045868
300.0,100.0,50.0,0.99,0.999982356564087,0.992469662921386,0.999982356564087
300.0,100.0,33.0,0.99,0.999982356564087,0.9902494071454466,0.9999823565640923
300.0,100.0,20.0,0.99,0.999982356564087,0.9889742928498049,0.9999823561912282
300.0,100.0,10.0,0.99,0.999982356564087,0.987960476904621,0.9999820734000144
300.0,100.0,1.0,0.99,0.999982356564087,0.9868845558095118,0.9869000308837818
200.0,100.0,100.0,0.99,0.999979797107904,0.999979797107904,0.9999797981444014
200.0,100.0,50.0,0.99,0.999979797107904,0.9937343819271267,0.9999797971077918
200.0,100.0,33.0,0.99,0.999979797107904,0.9908865092613209,0.9999797973529769
200.0,100.0,20.0,0.99,0.999979797107904,0.9892082870441447,0.9999798096665174
200.0,100.0,10.0,0.99,0.999979797107904,0.9879793409621208,0.9999467915423713
200.0,100.0,1.0,0.99,0.999979797107904,0.9868592924565529,0.986878577233158
100.0,100.0,100.0,0.99,0.9995500882282293,0.9994051500363045,0.9994008089133077
100.0,100.0,50.0,0.99,0.9995500882282293,0.9925628775981973,0.9992317416806329
100.0,100.0,33.0,0.99,0.9995500882282293,0.989581735949895,0.9989440075965903
100.0,100.0,20.0,0.99,0.9995500882282293,0.9883740960615047,0.9987241458802772
100.0,100.0,10.0,0.99,0.9995500882282293,0.9875505968610045,0.9982891676727909
100.0,100.0,1.0,0.99,0.9995500882282293,0.9869418711927127,0.9869620007369672
500.0,50.0,50.0,0.01,0.9999717018184049,0.9999717018184049,0.9999716988367259
500.0,50.0,25.0,0.01,0.9999717018184049,0.500546059485681,0.9999717018184049
500.0,50.0,16.0,0.01,0.9999717018184049,0.31750748209240875,0.9999717018172817
500.0,50.0,10.0,0.01,0.9999717018184049,0.13223831266942065,0.9999717066971292
500.0,50.0,5.0,0.01,0.9999717018184049,0.07465394316699847,0.9999688743653048
250.0,50.0,50.0,0.01,0.9999677094397873,0.9999677094397873,0.9999677094400444
250.0,50.0,25.0,0.01,0.9999677094397873,0.4807248620471307,0.9999677094397611
250.0,50.0,16.0,0.01,0.9999677094397873,0.2805422203902752,0.9999677090762218
250.0,50.0,10.0,0.01,0.9999677094397873,0.21600939328326285,0.9999676964901486
250.0,50.0,5.0,0.01,0.9999677094397873,0.0920063042912429,0.999862589077437
150.0,50.0,50.0,0.01,0.9999610441422049,0.9999610441422049,0.9999610441422049
150.0,50.0,25.0,0.01,0.9999610441422049,0.5497124212127054,0.9999610441004116
150.0,50.0,16.0,0.01,0.9999610441422049,0.3108917484931596,0.9999609983827358
150.0,50.0,10.0,0.01,0.9999610441422049,0.211302035270869,0.9999493217385002
150.0,50.0,5.0,0.01,0.9999610441422049,0.11733729170705731,0.9962453581705029
100.0,50.0,50.0,0.01,0.9999481908943496,0.9999481908943496,0.9999481908943496
100.0,50.0,25.0,0.01,0.9999481908943496,0.5361302783065227,0.9999482205129604
100.0,50.0,16.0,0.01,0.9999481908943496,0.34746848487108895,0.999942477973007
100.0,50.0,10.0,0.01,0.9999481908943496,0.2306737248890136,0.9997142879725994
100.0,50.0,5.0,0.01,0.9999481908943496,0.17093353265393707,0.9862237200254675
50.0,50.0,50.0,0.01,0.995093151537802,0.989479560887242,0.9866281752525471
50.0,50.0,25.0,0.01,0.995093151537802,0.4624763906966528,0.9761604418871466
50.0,50.0,16.0,0.01,0.995093151537802,0.2778074037466093,0.956740304981968
50.0,50.0,10.0,0.01,0.995093151537802,0.18427350068656367,0.9408365080415788
50.0,50.0,5.0,0.01,0.995093151537802,0.13996964417956292,0.9037981713680653
500.0,50.0,50.0,0.1,0.9999661791589703,0.9999661791589703,0.9999661788824528
500.0,50.0,25.0,0.1,0.9999661791589703,0.4832052849388998,0.9999661791589705
500.0,50.0,16.0,0.1,0.9999661791589703,0.2975619889223392,0.9999661791789838
500.0,50.0,10.0,0.1,0.9999661791589703,0.17248985443775477,0.9999661966866692
500.0,50.0,5.0,0.1,0.9999661791589703,0.044791490696906244,0.9998778207623983
250.0,50.0,50.0,0.1,0.9999617506800614,0.9999617506800614,0.9999617506801374
250.0,50.0,25.0,0.1,0.9999617506800614,0.32293053231044366,0.9999617506798268
250.0,50.0,16.0,0.1,0.9999617506800614,0.2251740314758005,0.9999617512259059
250.0,50.0,10.0,0.1,0.9999617506800614,0.10453546003307423,0.999961789643074
250.0,50.0,5.0,0.1,0.9999617506800614,0.033125066249684254,0.9986813485281704
150.0,50.0,50.0,0.1,0.999953591043649,0.999953591043649,0.999953591043649
150.0,50.0,25.0,0.1,0.999953591043649,0.4304162970670746,0.9999535910875832
150.0,50.0,16.0,0.1,0.999953591043649,0.19615064372132118,0.9999534279700716
150.0,50.0,10.0,0.1,0.999953591043649,0.15142859101688755,0.9999419646281059
150.0,50.0,5.0,0.1,0.999953591043649,0.0485059412521035,0.990644730558465
100.0,50.0,50.0,0.1,0.9999305224247371,0.9999305224247371,0.9999305224247371
100.0,50.0,25.0,0.1,0.9999305224247371,0.46627256966295816,0.9999305772718987
100.0,50.0,16.0,0.1,0.9999305224247371,0.18297105834338367,0.9999265097465796
100.0,50.0,10.0,0.1,0.9999305224247371,0.14490489709283316,0.9988082016050495
100.0,50.0,5.0,0.1,0.9999305224247371,0.05450493051462035,0.9341434060441635
50.0,50.0,50.0,0.1,0.9794573553970005,0.9993535019096953,0.9993294069647517
50.0,50.0,25.0,0.1,0.9794573553970005,0.40712230078510725,0.9775779629913574
50.0,50.0,16.0,0.1,0.9794573553970005,0.30340022354443397,0.9492497923928581
50.0,50.0,10.0,0.1,0.9794573553970005,0.10166875660806873,0.8836994496860482
50.0,50.0,5.0,0.1,0.9794573553970005,0.0640543843298712,0.7035396783786737
500.0,50.0,50.0,0.2,0.9999669286687926,0.9999669286687926,0.9999668926452567
500.0,50.0,25.0,0.2,0.9999669286687926,0.7012745740997344,0.9999669286687926
500.0,50.0,16.0,0.2,0.9999669286687926,0.5404975326537278,0.9999669286616008
500.0,50.0,10.0,0.2,0.9999669286687926,0.42023309831413325,0.9999669226845255
500.0,50.0,5.0,0.2,0.9999669286687926,0.39347891886149844,0.999922332575762
250.0,50.0,50.0,0.2,0.9999638023792975,0.9999638023792975,0.9999638023784595
250.0,50.0,25.0,0.2,0.9999638023792975,0.7532862816858765,0.9999638023791861
250.0,50.0,16.0,0.2,0.9999638023792975,0.622476462658986,0.9999638018756463
250.0,50.0,10.0,0.2,0.9999638023792975,0.5255956734001375,0.9999632668755035
250.0,50.0,5.0,0.2,0.9999638023792975,0.32479597696476337,0.9994146792014831
150.0,50.0,50.0,0.2,0.9999538340217526,0.9999538340217526,0.9999538340217526
150.0,50.0,25.0,0.2,0.9999538340217526,0.7086948670877,0.9999538339738033
150.0,50.0,16.0,0.2,0.9999538340217526,0.6629556892381137,0.9999538142312823
150.0,50.0,10.0,0.2,0.9999538340217526,0.44994703722817353,0.9999506956889207
150.0,50.0,5.0,0.2,0.9999538340217526,0.3397825308640723,0.995042130050584
100.0,50.0,50.0,0.2,0.9999358902980892,0.9999358902980892,0.9999358902980892
100.0,50.0,25.0,0.2,0.9999358902980892,0.7471445447530007,0.999935992574185
100.0,50.0,16.0,0.2,0.9999358902980892,0.6666691877675449,0.9999394754783116
100.0,50.0,10.0,0.2,0.9999358902980892,0.5091031879385246,0.9996199467764394
100.0,50.0,5.0,0.2,0.9999358902980892,0.3516112262111136,0.9775011424765558
50.0,50.0,50.0,0.2,0.9760455801619633,0.9749800685603653,0.9758765026489377
50.0,50.0,25.0,0.2,0.9760455801619633,0.7254575441664135,0.8883741416017035
50.0,50.0,16.0,0.2,0.9760455801619633,0.6201678502753155,0.8795015261176082
50.0,50.0,10.0,0.2,0.9760455801619633,0.5740557770717405,0.8483603088151578
50.0,50.0,5.0,0.2,0.9760455801619633,0.44719130636890203,0.7960595626039166
500.0,50.0,50.0,0.5,0.9999539202726861,0.9999539202726861,0.999953888216221
500.0,50.0,25.0,0.5,0.9999539202726861,0.5432479476449039,0.9999539202726863
500.0,50.0,16.0,0.5,0.9999539202726861,0.40412782345107434,0.999953920272519
500.0,50.0,10.0,0.5,0.9999539202726861,0.3279399501830591,0.999953933412377
500.0,50.0,5.0,0.5,0.9999539202726861,0.184830908067532,0.9999125355954387
250.0,50.0,50.0,0.5,0.9999485441060977,0.9999485441060977,0.9999485440926668
250.0,50.0,25.0,0.5,0.9999485441060977,0.7204725351622814,0.9999485441060495
250.0,50.0,16.0,0.5,0.9999485441060977,0.3785059671215021,0.9999485458903584
250.0,50.0,10.0,0.5,0.9999485441060977,0.3486452460096906,0.9999484287419577
250.0,50.0,5.0,0.5,0.9999485441060977,0.18168558758449482,0.9995085586724517
150.0,50.0,50.0,0.5,0.9999435901334852,0.9999435901334852,0.9999435901334852
150.0,50.0,25.0,0.5,0.9999435901334852,0.638161847647307,0.9999435899474883
150.0,50.0,16.0,0.5,0.9999435901334852,0.47527436904936216,0.9999434298737939
150.0,50.0,10.0,0.5,0.9999435901334852,0.367138261540639,0.9999273247074656
150.0,50.0,5.0,0.5,0.9999435901334852,0.14579553302164427,0.9941040366813415
100.0,50.0,50.0,0.5,0.9999423715188251,0.9999423715188253,0.9999423715188251
100.0,50.0,25.0,0.5,0.9999423715188251,0.613749021173785,0.9999423779959415
100.0,50.0,16.0,0.5,0.9999423715188251,0.5242202140837806,0.9999424457116874
100.0,50.0,10.0,0.5,0.9999423715188251,0.24539592567336987,0.9997372439220423
100.0,50.0,5.0,0.5,0.9999423715188251,0.21848827137606264,0.9734819737162408
50.0,50.0,50.0,0.5,0.9978029559709375,0.996711560539281,0.9903444470369239
50.0,50.0,25.0,0.5,0.9978029559709375,0.49022164108956723,0.9429823820483287
50.0,50.0,16.0,0.5,0.9978029559709375,0.35491771219491886,0.9156038472672877
50.0,50.0,10.0,0.5,0.9978029559709375,0.31281946437182806,0.8888478080419433
50.0,50.0,5.0,0.5,0.9978029559709375,0.1432585853502123,0.7984609054807066
500.0,50.0,50.0,0.7,0.9999585333353558,0.9999585333353558,0.9999585189398044
500.0,50.0,25.0,0.7,0.9999585333353558,0.7065594068458647,0.9999585333353558
500.0,50.0,16.0,0.7,0.9999585333353558,0.5814475519818487,0.9999585333365074
500.0,50.0,10.0,0.7,0.9999585333353558,0.4601225646252757,0.9999585393255453
500.0,50.0,5.0,0.7,0.9999585333353558,0.2836051391634339,0.9999218337146846
250.0,50.0,50.0,0.7,0.9999561252039889,0.9999561252039889,0.9999561252047195
250.0,50.0,25.0,0.7,0.9999561252039889,0.6815735070218782,0.9999561252040515
250.0,50.0,16.0,0.7,0.9999561252039889,0.521786539928148,0.9999561248841045
250.0,50.0,10.0,0.7,0.9999561252039889,0.45111641367370137,0.999955960804095
250.0,50.0,5.0,0.7,0.9999561252039889,0.25884736580620016,0.9992274994146465
150.0,50.0,50.0,0.7,0.9999479712995376,0.9999479712995376,0.9999479712995376
150.0,50.0,25.0,0.7,0.9999479712995376,0.6466756798834192,0.9999479713400468
150.0,50.0,16.0,0.7,0.9999479712995376,0.5748609848582198,0.9999479704754682
150.0,50.0,10.0,0.7,0.9999479712995376,0.4598071965956493,0.9999404435389536
150.0,50.0,5.0,0.7,0.9999479712995376,0.28393089797877225,0.9943948400415451
100.0,50.0,50.0,0.7,0.9999330369583072,0.9999330369583072,0.9999330369583072
100.0,50.0,25.0,0.7,0.9999330369583072,0.6255570745859449,0.99993303160903
100.0,50.0,16.0,0.7,0.9999330369583072,0.5703676352701766,0.9999338966926414
100.0,50.0,10.0,0.7,0.9999330369583072,0.36819553421017903,0.9998567301696059
100.0,50.0,5.0,0.7,0.9999330369583072,0.33909097418012757,0.9857775937600078
50.0,50.0,50.0,0.7,0.9442739707009093,0.994986479464896,0.9951747272429615
50.0,50.0,25.0,0.7,0.9442739707009093,0.6107710165820852,0.9698903709527149
50.0,50.0,16.0,0.7,0.9442739707009093,0.48786657676808676,0.9413464866964079
50.0,50.0,10.0,0.7,0.9442739707009093,0.437520350355888,0.9275959209290963
50.0,50.0,5.0,0.7,0.9442739707009093,0.2583572762613242,0.8654536721081523
500.0,50.0,50.0,0.9,0.9999715164115447,0.9999715164115447,0.9999714123277501
500.0,50.0,25.0,0.9,0.9999715164115447,0.9262308568825744,0.9999715164115447
500.0,50.0,16.0,0.9,0.9999715164115447,0.8992122869254549,0.9999715164152482
500.0,50.0,10.0,0.9,0.9999715164115447,0.8900889228311004,0.9999715188519471
500.0,50.0,5.0,0.9,0.9999715164115447,0.8756364571356732,0.9999606063426799
250.0,50.0,50.0,0.9,0.9999685214097178,0.9999685214097178,0.9999685214105635
250.0,50.0,25.0,0.9,0.9999685214097178,0.9515643062602759,0.9999685214097594
250.0,50.0,16.0,0.9,0.9999685214097178,0.927512330385234,0.9999685219007043
250.0,50.0,10.0,0.9,0.9999685214097178,0.9049151113449895,0.9999686145450324
250.0,50.0,5.0,0.9,0.9999685214097178,0.8709351432816832,0.9998300461244689
150.0,50.0,50.0,0.9,0.9999652503331297,0.9999652503331297,0.9999652503331296
150.0,50.0,25.0,0.9,0.9999652503331297,0.948587038731672,0.9999652503632406
150.0,50.0,16.0,0.9,0.9999652503331297,0.9277894782504513,0.9999652622614663
150.0,50.0,10.0,0.9,0.9999652503331297,0.9113785293211857,0.9999655771508824
150.0,50.0,5.0,0.9,0.9999652503331297,0.8686385913549229,0.999141889553432
100.0,50.0,50.0,0.9,0.9999584550227126,0.9999584550227126,0.9999584550227126
100.0,50.0,25.0,0.9,0.9999584550227126,0.9471012834456993,0.9999584551761724
100.0,50.0,16.0,0.9,0.9999584550227126,0.9131610191635197,0.9999568646547966
100.0,50.0,10.0,0.9,0.9999584550227126,0.8862637299230504,0.9999039687746784
100.0,50.0,5.0,0.9,0.9999584550227126,0.8740179118874492,0.9968679780441368
50.0,50.0,50.0,0.9,0.9927076136583465,0.989078639094827,0.9923269839184646
50.0,50.0,25.0,0.9,0.9927076136583465,0.921864512783995,0.9920863328835869
50.0,50.0,16.0,0.9,0.9927076136583465,0.89747957943123,0.9913817636044655
50.0,50.0,10.0,0.9,0.9927076136583465,0.8821608388954703,0.989680609417487
50.0,50.0,5.0,0.9,0.9927076136583465,0.8773165363059546,0.9741653939874444
500.0,50.0,50.0,0.99,0.9999378876656209,0.9999378876656209,0.9999372332760982
500.0,50.0,25.0,0.99,0.9999378876656209,0.9833175979814476,0.9999378876656209
500.0,50.0,16.0,0.99,0.9999378876656209,0.9802950432693198,0.9999378876672053
500.0,50.0,10.0,0.99,0.9999378876656209,0.977072046068789,0.9999378869055647
500.0,50.0,5.0,0.99,0.9999378876656209,0.9719017281190506,0.9999351581486623
250.0,50.0,50.0,0.99,0.9999268760021738,0.9999268760021738,0.9999268760021915
250.0,50.0,25.0,0.99,0.9999268760021738,0.9834490060002641,0.9999268760021521
250.0,50.0,16.0,0.99,0.9999268760021738,0.9749308168444616,0.9999268766349131
250.0,50.0,10.0,0.99,0.9999268760021738,0.9725353209678502,0.9999267157063483
250.0,50.0,5.0,0.99,0.9999268760021738,0.9717218644445781,0.9999052037860026
150.0,50.0,50.0,0.99,0.9999182900405085,0.9999182900405084,0.9999182900405086
150.0,50.0,25.0,0.99,0.9999182900405085,0.9816568118124754,0.999918289968863
150.0,50.0,16.0,0.99,0.9999182900405085,0.9778907677821356,0.999918247381996
150.0,50.0,10.0,0.99,0.9999182900405085,0.9723132716127145,0.9999158172692734
150.0,50.0,5.0,0.99,0.9999182900405085,0.9706309908104259,0.9994034137742336
100.0,50.0,50.0,0.99,0.9998968898554296,0.9998968898554296,0.9998968898554296
100.0,50.0,25.0,0.99,0.9998968898554296,0.9769452414259631,0.9998968639579844
100.0,50.0,16.0,0.99,0.9998968898554296,0.9738281397952888,0.9998946282188056
100.0,50.0,10.0,0.99,0.9998968898554296,0.9701389649339233,0.9998610006842835
100.0,50.0,5.0,0.99,0.9998968898554296,0.9693813636712806,0.9986991152227827
50.0,50.0,50.0,0.99,0.9986514425711165,0.9983701641775468,0.9983577132522341
50.0,50.0,25.0,0.99,0.9986514425711165,0.9832995853874589,0.9964997481572269
50.0,50.0,16.0,0.99,0.9986514425711165,0.9738725578374385,0.9951093684764046
50.0,50.0,10.0,0.99,0.9986514425711165,0.9696560999859368,0.9921006559463996
50.0,50.0,5.0,0.99,0.9986514425711165,0.9693643248516597,0.9882390614229899
100.0,10.0,10.0,0.01,0.9998661228788701,0.9998661228788701,0.9998661228788701
100.0,10.0,5.0,0.01,0.9998661228788701,0.4591537571043811,0.9998640505769781
100.0,10.0,3.0,0.01,0.9998661228788701,0.23605964378297062,0.999685144044352
100.0,10.0,2.0,0.01,0.9998661228788701,0.2354197888483448,0.9956605911198996
100.0,10.0,1.0,0.01,0.9998661228788701,-0.0019288927149503365,0.9514267909469448
50.0,10.0,10.0,0.01,0.9998663925287633,0.9998663925287633,0.9998663925287633
50.0,10.0,5.0,0.01,0.9998663925287633,0.29668282770671417,0.9998614450916105
50.0,10.0,3.0,0.01,0.9998663925287633,0.13222614294818558,0.9992141860510193
50.0,10.0,2.0,0.01,0.9998663925287633,0.1309933653410521,0.9946619756123583
50.0,10.0,1.0,0.01,0.9998663925287633,0.07483414540173239,0.9229738170184434
30.0,10.0,10.0,0.01,0.9998424561528526,0.9998424561528526,0.9998424561528526
30.0,10.0,5.0,0.01,0.9998424561528526,0.34378877253073103,0.9996845461333251
30.0,10.0,3.0,0.01,0.9998424561528526,0.1748334363378209,0.9966340804266413
30.0,10.0,2.0,0.01,0.9998424561528526,0.17198854189158042,0.9910130715339158
30.0,10.0,1.0,0.01,0.9998424561528526,0.04877029266208155,0.7029985114787343
20.0,10.0,10.0,0.01,0.9998151462365163,0.9998151462365163,0.9998151462365163
20.0,10.0,5.0,0.01,0.9998151462365163,0.5348527595877333,0.9977597114337234
20.0,10.0,3.0,0.01,0.9998151462365163,0.3008421766263001,0.9891248985120412
20.0,10.0,2.0,0.01,0.9998151462365163,0.02162482702251811,0.9783143235710795
20.0,10.0,1.0,0.01,0.9998151462365163,-0.10705188342827543,0.7229738853542257
10.0,10.0,10.0,0.01,0.7668108746082557,0.7668108746082551,0.7140232466659024
10.0,10.0,5.0,0.01,0.7668108746082557,0.13988659953742466,0.5407826432631393
10.0,10.0,3.0,0.01,0.7668108746082557,-0.12711080425630294,0.42582545025701857
10.0,10.0,2.0,0.01,0.7668108746082557,-0.22991875125468897,0.18854991611933436
10.0,10.0,1.0,0.01,0.7668108746082557,-0.14475100992916,-0.23426953124666605
100.0,10.0,10.0,0.1,0.9997638519104591,0.9997638519104591,0.9997638519104591
100.0,10.0,5.0,0.1,0.9997638519104591,0.7401525477041029,0.9997630621427898
100.0,10.0,3.0,0.1,0.9997638519104591,0.49081878772798826,0.9994445409292212
100.0,10.0,2.0,0.1,0.9997638519104591,0.11024627792069319,0.995809435420732
100.0,10.0,1.0,0.1,0.9997638519104591,-0.0049155941808514125,0.9341938018148167
50.0,10.0,10.0,0.1,0.9996382095629716,0.9996382095629716,0.9996382095629716
50.0,10.0,5.0,0.1,0.9996382095629716,0.7255346745534512,0.9996254009734041
50.0,10.0,3.0,0.1,0.9996382095629716,0.27598195928321745,0.9981431576473805
50.0,10.0,2.0,0.1,0.9996382095629716,0.008361403472046725,0.9832729786087582
50.0,10.0,1.0,0.1,0.9996382095629716,-0.012262361483824424,0.9186062428769329
30.0,10.0,10.0,0.1,0.9993556485888688,0.9993556485888688,0.9993556485888688
30.0,10.0,5.0,0.1,0.9993556485888688,0.6620199049843556,0.9993878843577554
30.0,10.0,3.0,0.1,0.9993556485888688,0.49051492056191826,0.9988581461796597
30.0,10.0,2.0,0.1,0.9993556485888688,0.0008305535731566449,0.9949053084511764
30.0,10.0,1.0,0.1,0.9993556485888688,-0.017988438764768855,0.9481171926546099
20.0,10.0,10.0,0.1,0.9989855755674231,0.9989855755674231,0.9989855755674231
20.0,10.0,5.0,0.1,0.9989855755674231,0.7980060280675856,0.9965492573486472
20.0,10.0,3.0,0.1,0.9989855755674231,0.07197081313216935,0.9869622154470684
20.0,10.0,2.0,0.1,0.9989855755674231,0.06960378663779043,0.9183955116511545
20.0,10.0,1.0,0.1,0.9989855755674231,0.06119606230839636,0.7523936663345567
10.0,10.0,10.0,0.1,0.9519759740394537,0.9519759740394538,0.9154121733886436
10.0,10.0,5.0,0.1,0.9519759740394537,0.49983322507003547,0.8871774805753279
10.0,10.0,3.0,0.1,0.9519759740394537,-0.15404468346590994,0.8827136762478212
10.0,10.0,2.0,0.1,0.9519759740394537,-0.27599128257918193,0.8467054846771214
10.0,10.0,1.0,0.1,0.9519759740394537,-0.3271322646692143,0.5230682430529514
100.0,10.0,10.0,0.2,0.9998300464684887,0.9998300464684887,0.9998300464684887
100.0,10.0,5.0,0.2,0.9998300464684887,0.6612419481124053,0.9998267863750355
100.0,10.0,3.0,0.2,0.9998300464684887,0.3467302741477325,0.9857595789030472
100.0,10.0,2.0,0.2,0.9998300464684887,0.23751835439761082,0.9128351833263146
100.0,10.0,1.0,0.2,0.9998300464684887,0.029530590741053353,0.6552597491257546
50.0,10.0,10.0,0.2,0.9998168127695806,0.9998168127695806,0.9998168127695806
50.0,10.0,5.0,0.2,0.9998168127695806,0.6389158727726492,0.9997306700967765
50.0,10.0,3.0,0.2,0.9998168127695806,0.1099314046306411,0.9684677694795037
50.0,10.0,2.0,0.2,0.9998168127695806,0.05656560741323491,0.8982652260795119
50.0,10.0,1.0,0.2,0.9998168127695806,0.027560945410153415,0.43832444009010774
30.0,10.0,10.0,0.2,0.9997367559188011,0.9997367559188011,0.999736755918801
30.0,10.0,5.0,0.2,0.9997367559188011,0.19789472173732492,0.9993977197196205
30.0,10.0,3.0,0.2,0.9997367559188011,0.17795700119002955,0.9751836185305236
30.0,10.0,2.0,0.2,0.9997367559188011,0.11888095308895452,0.9204925593060098
30.0,10.0,1.0,0.2,0.9997367559188011,0.03943693549397553,0.6453640394973378
20.0,10.0,10.0,0.2,0.9997542401607062,0.9997542401607062,0.9997542401607062
20.0,10.0,5.0,0.2,0.9997542401607062,0.44134285962063435,0.9979447217622092
20.0,10.0,3.0,0.2,0.9997542401607062,0.24840803880450868,0.9646942856169208
20.0,10.0,2.0,0.2,0.9997542401607062,0.23677046074901764,0.8269605193678513
20.0,10.0,1.0,0.2,0.9997542401607062,0.026929590815860438,0.5113595801882509
10.0,10.0,10.0,0.2,0.9983041652335807,0.9983041652335807,0.9737636119515869
10.0,10.0,5.0,0.2,0.9983041652335807,0.6914418733021916,0.6097195683507013
10.0,10.0,3.0,0.2,0.9983041652335807,-0.03478537021210948,0.5276535478651356
10.0,10.0,2.0,0.2,0.9983041652335807,0.004368557686009522,0.4088012446762188
10.0,10.0,1.0,0.2,0.9983041652335807,0.013460606364982364,0.1996605448903278
100.0,10.0,10.0,0.5,0.999931867608237,0.999931867608237,0.999931867608237
100.0,10.0,5.0,0.5,0.999931867608237,0.8557286660946261,0.9999318593453609
100.0,10.0,3.0,0.5,0.999931867608237,0.7319581684142913,0.9993862612236742
100.0,10.0,2.0,0.5,0.999931867608237,0.7106825722115949,0.983096566149874
100.0,10.0,1.0,0.5,0.999931867608237,0.6264754630772696,0.6941407947460357
50.0,10.0,10.0,0.5,0.9999252904121391,0.9999252904121391,0.9999252904121391
50.0,10.0,5.0,0.5,0.9999252904121391,0.9171469433247302,0.9997646505766803
50.0,10.0,3.0,0.5,0.9999252904121391,0.7032546093314433,0.9946177784614442
50.0,10.0,2.0,0.5,0.9999252904121391,0.671604307399683,0.9692135129516094
50.0,10.0,1.0,0.5,0.9999252904121391,0.587668043228325,0.7505534396469455
30.0,10.0,10.0,0.5,0.9999032165437558,0.9999032165437558,0.9999032165437558
30.0,10.0,5.0,0.5,0.9999032165437558,0.7408301296732434,0.999855695510631
30.0,10.0,3.0,0.5,0.9999032165437558,0.6759013288682533,0.9964935203118234
30.0,10.0,2.0,0.5,0.9999032165437558,0.6552131362089617,0.9390571098534237
30.0,10.0,1.0,0.5,0.9999032165437558,0.535037558632872,0.7338906464164474
20.0,10.0,10.0,0.5,0.9998944227585648,0.9998944227585648,0.9998944227585648
20.0,10.0,5.0,0.5,0.9998944227585648,0.8067104026675705,0.9998291737320283
20.0,10.0,3.0,0.5,0.9998944227585648,0.6407544465609687,0.990710918672192
20.0,10.0,2.0,0.5,0.9998944227585648,0.6300946074049557,0.9418947724831616
20.0,10.0,1.0,0.5,0.9998944227585648,0.5456815548182011,0.7749237356793223
10.0,10.0,10.0,0.5,0.966150751730607,0.9661507517306066,0.9722968741219683
10.0,10.0,5.0,0.5,0.966150751730607,0.5416838450350062,0.7877204514559315
10.0,10.0,3.0,0.5,0.966150751730607,0.5030939771502498,0.39735264181315977
10.0,10.0,2.0,0.5,0.966150751730607,0.5416331674900228,0.18760982023104977
10.0,10.0,1.0,0.5,0.966150751730607,0.4996719740295107,0.21422495306791245
100.0,10.0,10.0,0.7,0.9997311983033708,0.9997311983033708,0.9997311983033708
100.0,10.0,5.0,0.7,0.9997311983033708,0.5795955120296103,0.9997270546420208
100.0,10.0,3.0,0.7,0.9997311983033708,0.5628519219936648,0.9988839010011754
100.0,10.0,2.0,0.7,0.9997311983033708,0.2703820422440756,0.9677856437166961
100.0,10.0,1.0,0.7,0.9997311983033708,0.26691740451736345,0.3580654348073872
50.0,10.0,10.0,0.7,0.9996691362568255,0.9996691362568255,0.9996691362568255
50.0,10.0,5.0,0.7,0.9996691362568255,0.8278952834622723,0.9996562826935643
50.0,10.0,3.0,0.7,0.9996691362568255,0.25326099379144607,0.9914942327990663
50.0,10.0,2.0,0.7,0.9996691362568255,0.23293067017244096,0.9609133011099418
50.0,10.0,1.0,0.7,0.9996691362568255,0.23321576071583738,0.28680935978790334
30.0,10.0,10.0,0.7,0.999555052064764,0.999555052064764,0.999555052064764
30.0,10.0,5.0,0.7,0.999555052064764,0.6260752296831251,0.996899075904747
30.0,10.0,3.0,0.7,0.999555052064764,0.3417616863333337,0.9694297138404968
30.0,10.0,2.0,0.7,0.999555052064764,0.2565436092065948,0.8712674393743332
30.0,10.0,1.0,0.7,0.999555052064764,0.2556490696408734,0.31610395076394093
20.0,10.0,10.0,0.7,0.9993683784660471,0.9993683784660471,0.9993683784660471
20.0,10.0,5.0,0.7,0.9993683784660471,0.6929967285877976,0.9889851754560796
20.0,10.0,3.0,0.7,0.9993683784660471,0.2639912901553291,0.8917377992376817
20.0,10.0,2.0,0.7,0.9993683784660471,0.26633596940270676,0.8060448945571532
20.0,10.0,1.0,0.7,0.9993683784660471,0.25605648432187755,0.2927885212219923
10.0,10.0,10.0,0.7,0.9989428751493421,0.998942875149342,0.9539111280711938
10.0,10.0,5.0,0.7,0.9989428751493421,0.4915863314576774,0.8665208273543972
10.0,10.0,3.0,0.7,0.9989428751493421,0.320431466614318,0.7306280933659841
10.0,10.0,2.0,0.7,0.9989428751493421,0.18972522044876194,0.6116390432926018
10.0,10.0,1.0,0.7,0.9989428751493421,0.16412138791173003,0.11505481852077715
100.0,10.0,10.0,0.9,0.9989945091475987,0.9989945091475987,0.9989945091475988
100.0,10.0,5.0,0.9,0.9989945091475987,0.6900558383089457,0.9989655541870239
100.0,10.0,3.0,0.9,0.9989945091475987,0.5031120491950272,0.9889684115783679
100.0,10.0,2.0,0.9,0.9989945091475987,0.5028830618699063,0.9077181580724606
100.0,10.0,1.0,0.9,0.9989945091475987,0.08365244722740284,0.1111186978195744
50.0,10.0,10.0,0.9,0.9988907298934886,0.9988907298934886,0.9988907298934887
50.0,10.0,5.0,0.9,0.9988907298934886,0.6969790953057328,0.9987567043778286
50.0,10.0,3.0,0.9,0.9988907298934886,0.5853173711298042,0.9798422742965166
50.0,10.0,2.0,0.9,0.9988907298934886,0.5644621824139201,0.8795225417850023
50.0,10.0,1.0,0.9,0.9988907298934886,0.09481220936897194,0.12972913573003964
30.0,10.0,10.0,0.9,0.9986720983834108,0.9986720983834109,0.9986720983834108
30.0,10.0,5.0,0.9,0.9986720983834108,0.7685456199563835,0.9966098923261357
30.0,10.0,3.0,0.9,0.9986720983834108,0.38881202077075616,0.9167652243020546
30.0,10.0,2.0,0.9,0.9986720983834108,0.27774381007778626,0.7764242676996013
30.0,10.0,1.0,0.9,0.9986720983834108,0.09101930504016031,0.12565289642159683
20.0,10.0,10.0,0.9,0.9982974601939355,0.9982974601939356,0.9982974601939356
20.0,10.0,5.0,0.9,0.9982974601939355,0.7113943808382891,0.9415522351890683
20.0,10.0,3.0,0.9,0.9982974601939355,0.4473752773604903,0.7979721576120713
20.0,10.0,2.0,0.9,0.9982974601939355,0.0735649838891298,0.68168118670381
20.0,10.0,1.0,0.9,0.9982974601939355,0.03611615876657015,0.060390039506520665
10.0,10.0,10.0,0.9,0.968740734610316,0.9687407346103156,0.9606499372343468
10.0,10.0,5.0,0.9,0.968740734610316,0.275789421045331,0.6605419102330816
10.0,10.0,3.0,0.9,0.968740734610316,0.22833226162338904,0.4445513254213338
10.0,10.0,2.0,0.9,0.968740734610316,0.2211561308480814,0.32172583895952844
10.0,10.0,1.0,0.9,0.968740734610316,0.08237749734114208,0.1897610095031822
100.0,10.0,10.0,0.99,0.9999440819419901,0.9999440819419901,0.9999440819419901
100.0,10.0,5.0,0.99,0.9999440819419901,0.996189534577838,0.999943852667318
100.0,10.0,3.0,0.99,0.9999440819419901,0.9920193774179338,0.9998983466202775
100.0,10.0,2.0,0.99,0.9999440819419901,0.9905993591396725,0.9988016853288693
100.0,10.0,1.0,0.99,0.9999440819419901,0.9904377568538477,0.9905217255596177
50.0,10.0,10.0,0.99,0.9999375720214152,0.9999375720214152,0.9999375720214152
50.0,10.0,5.0,0.99,0.9999375720214152,0.9961365089665616,0.9999404731221535
50.0,10.0,3.0,0.99,0.9999375720214152,0.9906448854932918,0.9996625514580962
50.0,10.0,2.0,0.99,0.9999375720214152,0.9905919594285237,0.9982274691143761
50.0,10.0,1.0,0.99,0.9999375720214152,0.9905149229414709,0.9905007313527507
30.0,10.0,10.0,0.99,0.9999031288438779,0.9999031288438779,0.9999031288438779
30.0,10.0,5.0,0.99,0.9999031288438779,0.9973199091945285,0.9998485024658146
30.0,10.0,3.0,0.99,0.9999031288438779,0.9916736742393375,0.9991499542434005
30.0,10.0,2.0,0.99,0.9999031288438779,0.990512740564597,0.9981754859017349
30.0,10.0,1.0,0.99,0.9999031288438779,0.9901103229675716,0.9903273693359789
20.0,10.0,10.0,0.99,0.9998941767484337,0.9998941767484337,0.9998941767484337
20.0,10.0,5.0,0.99,0.9998941767484337,0.995775820216499,0.9997020094525678
20.0,10.0,3.0,0.99,0.9998941767484337,0.9903702590667071,0.9987263963018542
20.0,10.0,2.0,0.99,0.9998941767484337,0.9898976387167615,0.9976601757371044
20.0,10.0,1.0,0.99,0.9998941767484337,0.9899530796526099,0.9902494721460247
10.0,10.0,10.0,0.99,0.9953821994113383,0.9953821994113383,0.9970488305410151
10.0,10.0,5.0,0.99,0.9953821994113383,0.992476739684597,0.9964140469391412
10.0,10.0,3.0,0.99,0.9953821994113383,0.9943418934911316,0.9950652093494897
10.0,10.0,2.0,0.99,0.9953821994113383,0.9927825859257635,0.9968372972176504
10.0,10.0,1.0,0.99,0.9953821994113383,0.9880181142521615,0.9897769745668896
50.0,5.0,5.0,0.01,0.9991883495601883,0.9991883495601883,0.9991883495601883
50.0,5.0,2.0,0.01,0.9991883495601883,0.18935553815188066,0.9935838409500691
50.0,5.0,1.0,0.01,0.9991883495601883,0.14418167258977965,0.8937267631472625
50.0,5.0,1.0,0.01,0.9991883495601883,0.14418167258977965,0.8937267631472625
25.0,5.0,5.0,0.01,0.9991292114259405,0.9991292114259405,0.9991292114259405
25.0,5.0,2.0,0.01,0.9991292114259405,0.37026446996624884,0.9763208213089364
25.0,5.0,1.0,0.01,0.9991292114259405,0.18992419118117543,0.7602191488456593
25.0,5.0,1.0,0.01,0.9991292114259405,0.18992419118117543,0.7602191488456593
15.0,5.0,5.0,0.01,0.9989934962290394,0.9989934962290395,0.9989934962290394
15.0,5.0,2.0,0.01,0.9989934962290394,0.5874292992433645,0.9889732596823612
15.0,5.0,1.0,0.01,0.9989934962290394,-0.006069270631011037,0.8193926063053236
15.0,5.0,1.0,0.01,0.9989934962290394,-0.006069270631011037,0.8193926063053236
10.0,5.0,5.0,0.01,0.9986245319243281,0.998624531924328,0.998624531924328
10.0,5.0,2.0,0.01,0.9986245319243281,0.8600171315444562,0.9540184911636085
10.0,5.0,1.0,0.01,0.9986245319243281,-0.026159692070005347,0.887623577203391
10.0,5.0,1.0,0.01,0.9986245319243281,-0.026159692070005347,0.887623577203391
5.0,5.0,5.0,0.01,0.9512630039298683,0.9512630039298684,0.7265160252052296
5.0,5.0,2.0,0.01,0.9512630039298683,0.5964961643048091,0.7416504229498535
5.0,5.0,1.0,0.01,0.9512630039298683,0.39406551933508316,0.7192092173492257
5.0,5.0,1.0,0.01,0.9512630039298683,0.39406551933508316,0.7192092173492257
50.0,5.0,5.0,0.1,0.9991195558916782,0.9991195558916782,0.9991195558916782
50.0,5.0,2.0,0.1,0.9991195558916782,0.03658578353659592,0.9980318971425477
50.0,5.0,1.0,0.1,0.9991195558916782,0.03090393195818464,0.9667001249873377
50.0,5.0,1.0,0.1,0.9991195558916782,0.03090393195818464,0.9667001249873377
25.0,5.0,5.0,0.1,0.9991017298045196,0.9991017298045196,0.9991017298045196
25.0,5.0,2.0,0.1,0.9991017298045196,-0.0013989631327588903,0.9961593384742399
25.0,5.0,1.0,0.1,0.9991017298045196,-0.004327013679155556,0.9625562677090609
25.0,5.0,1.0,0.1,0.9991017298045196,-0.004327013679155556,0.9625562677090609
15.0,5.0,5.0,0.1,0.9990871318081909,0.9990871318081909,0.9990871318081909
15.0,5.0,2.0,0.1,0.9990871318081909,0.7521381183652204,0.9966487817433652
15.0,5.0,1.0,0.1,0.9990871318081909,-0.009588197270740118,0.9397857219330648
15.0,5.0,1.0,0.1,0.9990871318081909,-0.009588197270740118,0.9397857219330648
10.0,5.0,5.0,0.1,0.9989049154984937,0.9989049154984937,0.9989049154984937
10.0,5.0,2.0,0.1,0.9989049154984937,0.3777208745987388,0.9177200939363798
10.0,5.0,1.0,0.1,0.9989049154984937,-0.12624048213566974,0.4904079182770841
10.0,5.0,1.0,0.1,0.9989049154984937,-0.12624048213566974,0.4904079182770841
5.0,5.0,5.0,0.1,0.9908775886181794,0.9908775886181793,0.8276375327806886
5.0,5.0,2.0,0.1,0.9908775886181794,-0.39046142943406137,0.5739512095148958
5.0,5.0,1.0,0.1,0.9908775886181794,-0.37934556890945736,-0.13310125263254458
5.0,5.0,1.0,0.1,0.9908775886181794,-0.37934556890945736,-0.13310125263254458
50.0,5.0,5.0,0.2,0.9996729353650086,0.9996729353650086,0.9996729353650086
50.0,5.0,2.0,0.2,0.9996729353650086,0.24297620519400132,0.9939699169478062
50.0,5.0,1.0,0.2,0.9996729353650086,-0.06389974846610413,0.9508436303837235
50.0,5.0,1.0,0.2,0.9996729353650086,-0.06389974846610413,0.9508436303837235
25.0,5.0,5.0,0.2,0.999518198099095,0.999518198099095,0.999518198099095
25.0,5.0,2.0,0.2,0.999518198099095,0.4508104397815702,0.984104822130258
25.0,5.0,1.0,0.2,0.999518198099095,-0.13900401899299286,0.8577176550172447
25.0,5.0,1.0,0.2,0.999518198099095,-0.13900401899299286,0.8577176550172447
15.0,5.0,5.0,0.2,0.9993245317298486,0.9993245317298486,0.9993245317298486
15.0,5.0,2.0,0.2,0.9993245317298486,0.018484705689003067,0.9863955739109544
15.0,5.0,1.0,0.2,0.9993245317298486,0.0010048703691546423,0.9123938124242632
15.0,5.0,1.0,0.2,0.9993245317298486,0.0010048703691546423,0.9123938124242632
10.0,5.0,5.0,0.2,0.9986874686361283,0.9986874686361285,0.9986874686361283
10.0,5.0,2.0,0.2,0.9986874686361283,0.06949525800445511,0.9680693240244836
10.0,5.0,1.0,0.2,0.9986874686361283,0.10698952706865394,0.8934063252287779
10.0,5.0,1.0,0.2,0.9986874686361283,0.10698952706865394,0.8934063252287779
5.0,5.0,5.0,0.2,0.9638893999170219,0.9638893999170218,0.9537880021642553
5.0,5.0,2.0,0.2,0.9638893999170219,0.17445763006303316,0.6260487551837353
5.0,5.0,1.0,0.2,0.9638893999170219,0.2265651821729623,0.5835264870365903
5.0,5.0,1.0,0.2,0.9638893999170219,0.2265651821729623,0.5835264870365903
50.0,5.0,5.0,0.5,0.999684419258571,0.999684419258571,0.999684419258571
50.0,5.0,2.0,0.5,0.999684419258571,0.8112093748289504,0.9967668723806203
50.0,5.0,1.0,0.5,0.999684419258571,0.7975995470564473,0.8528595325261594
50.0,5.0,1.0,0.5,0.999684419258571,0.7975995470564473,0.8528595325261594
25.0,5.0,5.0,0.5,0.9996618459023765,0.9996618459023765,0.9996618459023765
25.0,5.0,2.0,0.5,0.9996618459023765,0.7848848269557283,0.9898210727169804
25.0,5.0,1.0,0.5,0.9996618459023765,0.7727833405569563,0.814485947603481
25.0,5.0,1.0,0.5,0.9996618459023765,0.7727833405569563,0.814485947603481
15.0,5.0,5.0,0.5,0.9996707482462684,0.9996707482462684,0.9996707482462684
15.0,5.0,2.0,0.5,0.9996707482462684,0.7806198330466438,0.9629905291260635
15.0,5.0,1.0,0.5,0.9996707482462684,0.7787999028119709,0.7980998551926003
15.0,5.0,1.0,0.5,0.9996707482462684,0.7787999028119709,0.7980998551926003
10.0,5.0,5.0,0.5,0.9990651272964292,0.9990651272964292,0.9990651272964292
10.0,5.0,2.0,0.5,0.9990651272964292,0.7770126407305157,0.984227506354555
10.0,5.0,1.0,0.5,0.9990651272964292,0.7697667709686103,0.8515710620058867
10.0,5.0,1.0,0.5,0.9990651272964292,0.7697667709686103,0.8515710620058867
5.0,5.0,5.0,0.5,0.9136704666889484,0.9136704666889484,0.9756121301688732
5.0,5.0,2.0,0.5,0.9136704666889484,0.6606287287510297,0.8661553679131273
5.0,5.0,1.0,0.5,0.9136704666889484,0.6605307756287356,0.6735842335511566
5.0,5.0,1.0,0.5,0.9136704666889484,0.6605307756287356,0.6735842335511566
50.0,5.0,5.0,0.7,0.9997842477861605,0.9997842477861605,0.9997842477861605
50.0,5.0,2.0,0.7,0.9997842477861605,0.21107594605083702,0.9360407576953405
50.0,5.0,1.0,0.7,0.9997842477861605,-0.005619481982678032,0.8861368944550247
50.0,5.0,1.0,0.7,0.9997842477861605,-0.005619481982678032,0.8861368944550247
25.0,5.0,5.0,0.7,0.9996861083122164,0.9996861083122164,0.9996861083122164
25.0,5.0,2.0,0.7,0.9996861083122164,-0.024869313512224434,0.934632851045021
25.0,5.0,1.0,0.7,0.9996861083122164,-0.03660778450750035,0.6477007893801272
25.0,5.0,1.0,0.7,0.9996861083122164,-0.03660778450750035,0.6477007893801272
15.0,5.0,5.0,0.7,0.9996634798747408,0.9996634798747408,0.9996634798747408
15.0,5.0,2.0,0.7,0.9996634798747408,-0.08958604359529465,0.9378470320494292
15.0,5.0,1.0,0.7,0.9996634798747408,-0.08973263513228824,0.0027472372892640706
15.0,5.0,1.0,0.7,0.9996634798747408,-0.08973263513228824,0.0027472372892640706
10.0,5.0,5.0,0.7,0.9997155260716918,0.9997155260716918,0.9997155260716918
10.0,5.0,2.0,0.7,0.9997155260716918,-0.15379658814777764,0.5427023153726214
10.0,5.0,1.0,0.7,0.9997155260716918,-0.11025184164436319,-0.06398804761046883
10.0,5.0,1.0,0.7,0.9997155260716918,-0.11025184164436319,-0.06398804761046883
5.0,5.0,5.0,0.7,0.8556735869643619,0.8556735869643604,0.81454736681025
5.0,5.0,2.0,0.7,0.8556735869643619,-0.29996444456376103,-0.488317350312373
5.0,5.0,1.0,0.7,0.8556735869643619,-0.18411171645259405,-0.4189021763499168
5.0,5.0,1.0,0.7,0.8556735869643619,-0.18411171645259405,-0.4189021763499168
50.0,5.0,5.0,0.9,0.9996608601995647,0.9996608601995647,0.9996608601995647
50.0,5.0,2.0,0.9,0.9996608601995647,0.9443964859074018,0.9963329079623087
50.0,5.0,1.0,0.9,0.9996608601995647,0.8925641479336481,0.9118302322199213
50.0,5.0,1.0,0.9,0.9996608601995647,0.8925641479336481,0.9118302322199213
25.0,5.0,5.0,0.9,0.9996322579693677,0.9996322579693677,0.9996322579693677
25.0,5.0,2.0,0.9,0.9996322579693677,0.9304979786201352,0.9925831368961828
25.0,5.0,1.0,0.9,0.9996322579693677,0.8745847988715998,0.9115071822875782
25.0,5.0,1.0,0.9,0.9996322579693677,0.8745847988715998,0.9115071822875782
15.0,5.0,5.0,0.9,0.9995953261185354,0.9995953261185355,0.9995953261185355
15.0,5.0,2.0,0.9,0.9995953261185354,0.8759035105580875,0.9721954748664433
15.0,5.0,1.0,0.9,0.9995953261185354,0.8668288724345786,0.8976576939488297
15.0,5.0,1.0,0.9,0.9995953261185354,0.8668288724345786,0.8976576939488297
10.0,5.0,5.0,0.9,0.9995866083536465,0.9995866083536465,0.9995866083536465
10.0,5.0,2.0,0.9,0.9995866083536465,0.8791309076221469,0.9881939812498616
10.0,5.0,1.0,0.9,0.9995866083536465,0.8796157806777158,0.9084888526306282
10.0,5.0,1.0,0.9,0.9995866083536465,0.8796157806777158,0.9084888526306282
5.0,5.0,5.0,0.9,0.9984094327150569,0.9984094327150568,0.9921806438101644
5.0,5.0,2.0,0.9,0.9984094327150569,0.8319356239484974,0.948597142337044
5.0,5.0,1.0,0.9,0.9984094327150569,0.834528693931203,0.9148935638871643
5.0,5.0,1.0,0.9,0.9984094327150569,0.834528693931203,0.9148935638871643
50.0,5.0,5.0,0.99,0.9993062311329481,0.9993062311329481,0.9993062311329481
50.0,5.0,2.0,0.99,0.9993062311329481,0.9797705212224583,0.9989109011413082
50.0,5.0,1.0,0.99,0.9993062311329481,0.976170066491906,0.9764101932068433
50.0,5.0,1.0,0.99,0.9993062311329481,0.976170066491906,0.9764101932068433
25.0,5.0,5.0,0.99,0.9992241267822914,0.9992241267822914,0.9992241267822913
25.0,5.0,2.0,0.99,0.9992241267822914,0.9783601856287372,0.9979278567833794
25.0,5.0,1.0,0.99,0.9992241267822914,0.973767062530101,0.9740718880505393
25.0,5.0,1.0,0.99,0.9992241267822914,0.973767062530101,0.9740718880505393
15.0,5.0,5.0,0.99,0.999135976671212,0.999135976671212,0.999135976671212
15.0,5.0,2.0,0.99,0.999135976671212,0.9795707300044129,0.996101752092739
15.0,5.0,1.0,0.99,0.999135976671212,0.9723201401522052,0.9741787150549591
15.0,5.0,1.0,0.99,0.999135976671212,0.9723201401522052,0.9741787150549591
10.0,5.0,5.0,0.99,0.9991706064173809,0.9991706064173809,0.9991706064173811
10.0,5.0,2.0,0.99,0.9991706064173809,0.9819066596458583,0.9879352867741918
10.0,5.0,1.0,0.99,0.9991706064173809,0.9693746882433315,0.9721727529426837
10.0,5.0,1.0,0.99,0.9991706064173809,0.9693746882433315,0.9721727529426837
5.0,5.0,5.0,0.99,0.9770890477898698,0.9770890477898698,0.9821866959302621
5.0,5.0,2.0,0.99,0.9770890477898698,0.9905842399153632,0.9930636811758564
5.0,5.0,1.0,0.99,0.9770890477898698,0.9485285272914855,0.9478015192004141
5.0,5.0,1.0,0.99,0.9770890477898698,0.9485285272914855,0.9478015192004141
