M,N,n,rho,model,R2,MSE
5000,500,5,0.01,linreg,0.9999070732617017,1.1106292424482593
5000,500,5,0.01,pcr,0.0023398275335196894,11923.700130418814
5000,500,5,0.01,pls,0.9998468847994597,1.82998157793256
5000,500,50,0.01,linreg,0.9999070732617017,1.1106292424482593
5000,500,50,0.01,pcr,0.1481183762332935,10181.403757249564
5000,500,50,0.01,pls,0.9999070732617017,1.110629242448277
5000,500,125,0.01,linreg,0.9999070732617017,1.1106292424482593
5000,500,125,0.01,pcr,0.25677343112175266,8882.79494444992
5000,500,125,0.01,pls,0.9999070793390854,1.1105566075943119
5000,500,250,0.01,linreg,0.9999070732617017,1.1106292424482593
5000,500,250,0.01,pcr,0.5287638656068189,5632.056397751828
5000,500,250,0.01,pls,0.999906925520465,1.1123949962100317
2500,500,5,0.01,linreg,0.9998971246315533,1.2300745445084451
2500,500,5,0.01,pcr,0.010330580145305968,11833.417262294017
2500,500,5,0.01,pls,0.9987503978669753,14.941416957296472
2500,500,50,0.01,linreg,0.9998971246315533,1.2300745445084451
2500,500,50,0.01,pcr,0.11667087275952015,10561.912829547982
2500,500,50,0.01,pls,0.9998971246315533,1.2300745445084198
2500,500,125,0.01,linreg,0.9998971246315533,1.2300745445084451
2500,500,125,0.01,pcr,0.2913205840303922,8473.636818644422
2500,500,125,0.01,pls,0.9998969065145024,1.232682556865873
2500,500,250,0.01,linreg,0.9998971246315533,1.2300745445084451
2500,500,250,0.01,pcr,0.5188711579354177,5752.828399922148
2500,500,250,0.01,pls,0.9998967573104879,1.2344665802214554
1500,500,5,0.01,linreg,0.9998761680920958,1.4806996207030523
1500,500,5,0.01,pcr,0.005697275273252922,11889.210885017157
1500,500,5,0.01,pls,0.9942340658585164,68.94520677901073
1500,500,50,0.01,linreg,0.9998761680920958,1.4806996207030523
1500,500,50,0.01,pcr,0.06896861057994486,11132.654325600484
1500,500,50,0.01,pls,0.9998761680920957,1.4806996207046101
1500,500,125,0.01,linreg,0.9998761680920958,1.4806996207030523
1500,500,125,0.01,pcr,0.2370114167736691,9123.310178327516
1500,500,125,0.01,pls,0.9998761680922049,1.4806996193978543
1500,500,250,0.01,linreg,0.9998761680920958,1.4806996207030523
1500,500,250,0.01,pcr,0.5495439965942372,5386.253387151213
1500,500,250,0.01,pls,0.9998746264608732,1.4991334218544992
1000,500,5,0.01,linreg,0.9998296518599893,2.0363226613411767
1000,500,5,0.01,pcr,0.007007434672305912,11870.122345879725
1000,500,5,0.01,pls,0.9642579080988893,427.2569791334246
1000,500,50,0.01,linreg,0.9998296518599893,2.0363226613411767
1000,500,50,0.01,pcr,0.08874996907769817,10892.981208942729
1000,500,50,0.01,pls,0.9998296518568182,2.0363226992482484
1000,500,125,0.01,linreg,0.9998296518599893,2.0363226613411767
1000,500,125,0.01,pcr,0.23929469219011879,9093.386383898593
1000,500,125,0.01,pls,0.9998296518599893,2.036322661341242
1000,500,250,0.01,linreg,0.9998296518599893,2.0363226613411767
1000,500,250,0.01,pcr,0.5506364780587477,5371.641409478044
1000,500,250,0.01,pls,0.9998299550829287,2.0326979681513127
500,500,5,0.01,linreg,0.9905315368104124,113.25150446355757
500,500,5,0.01,pcr,0.004637108101672505,11905.453159351939
500,500,5,0.01,pls,0.7763450646810992,2675.1181684288126
500,500,50,0.01,linreg,0.9905315368104124,113.25150446355757
500,500,50,0.01,pcr,0.08708080650671735,10919.35090696331
500,500,50,0.01,pls,0.9780881022648513,262.0863950642133
500,500,125,0.01,linreg,0.9905315368104124,113.25150446355757
500,500,125,0.01,pcr,0.21656843567050543,9370.560092806172
500,500,125,0.01,pls,0.9895224810179083,125.32073727363284
500,500,250,0.01,linreg,0.9905315368104124,113.25150446355757
500,500,250,0.01,pcr,0.4970430411527973,6015.826552771587
500,500,250,0.01,pls,0.9903799264513063,115.06490341935734
5000,500,5,0.1,linreg,0.9998965385915719,1.1142872016645513
5000,500,5,0.1,pcr,0.09464776975374167,9750.71206249245
5000,500,5,0.1,pls,0.9998187548376276,1.952024120525689
5000,500,50,0.1,linreg,0.9998965385915719,1.1142872016645513
5000,500,50,0.1,pcr,0.15167680616886647,9136.505022726253
5000,500,50,0.1,pls,0.9998965385915719,1.1142872016645096
5000,500,125,0.1,linreg,0.9998965385915719,1.1142872016645513
5000,500,125,0.1,pcr,0.3189015193377558,7335.482201587112
5000,500,125,0.1,pls,0.9998965386178424,1.1142869187296016
5000,500,250,0.1,linreg,0.9998965385915719,1.1142872016645513
5000,500,250,0.1,pcr,0.541091637976173,4942.477802199985
5000,500,250,0.1,pls,0.9998964163269312,1.1156040011018002
2500,500,5,0.1,linreg,0.9998831199725798,1.2578970913813228
2500,500,5,0.1,pcr,0.0932823928431471,9758.360482295955
2500,500,5,0.1,pls,0.99868840068207,14.115816050851839
2500,500,50,0.1,linreg,0.9998831199725798,1.2578970913813228
2500,500,50,0.1,pcr,0.1892783115812513,8725.224285886394
2500,500,50,0.1,pls,0.9998831199725798,1.257897091381336
2500,500,125,0.1,linreg,0.9998831199725798,1.2578970913813228
2500,500,125,0.1,pcr,0.31007645772336845,7425.159253131463
2500,500,125,0.1,pls,0.9998828043059634,1.2612943879707796
2500,500,250,0.1,linreg,0.9998831199725798,1.2578970913813228
2500,500,250,0.1,pcr,0.5168361159429627,5199.951247708803
2500,500,250,0.1,pls,0.9998826834931135,1.262594611250431
1500,500,5,0.1,linreg,0.9998611373315048,1.4929704085129702
1500,500,5,0.1,pcr,0.09356561868830826,9745.4537149727
1500,500,5,0.1,pls,0.9919590183941462,86.45194365795798
1500,500,50,0.1,linreg,0.9998611373315048,1.4929704085129702
1500,500,50,0.1,pcr,0.19000860956227883,8708.554935454073
1500,500,50,0.1,pls,0.9998611373315038,1.4929704085241216
1500,500,125,0.1,linreg,0.9998611373315048,1.4929704085129702
1500,500,125,0.1,pcr,0.3096638001776991,7422.092124752464
1500,500,125,0.1,pls,0.999861137325609,1.4929704719014034
1500,500,250,0.1,linreg,0.9998611373315048,1.4929704085129702
1500,500,250,0.1,pcr,0.5386011325911497,4960.691473294381
1500,500,250,0.1,pls,0.99986144819991,1.4896281327613905
1000,500,5,0.1,linreg,0.99981080184567,2.0352158870498624
1000,500,5,0.1,pcr,0.09418477116859425,9743.908712945835
1000,500,5,0.1,pls,0.9624776899361004,403.6297385209192
1000,500,50,0.1,linreg,0.99981080184567,2.0352158870498624
1000,500,50,0.1,pcr,0.17343810016562278,8891.375902319132
1000,500,50,0.1,pls,0.9998108018467563,2.035215875364333
1000,500,125,0.1,linreg,0.99981080184567,2.0352158870498624
1000,500,125,0.1,pcr,0.3110237250665041,7411.359088098275
1000,500,125,0.1,pls,0.99981080184567,2.0352158870498473
1000,500,250,0.1,linreg,0.99981080184567,2.0352158870498624
1000,500,250,0.1,pcr,0.5409713875051834,4937.798299715014
1000,500,250,0.1,pls,0.9998090040221884,2.0545551820066357
500,500,5,0.1,linreg,0.9216777523221855,842.2530613104483
500,500,5,0.1,pcr,0.09949599974350054,9683.739594122764
500,500,5,0.1,pls,0.7835930376702256,2327.1730819182935
500,500,50,0.1,linreg,0.9216777523221855,842.2530613104483
500,500,50,0.1,pcr,0.18703604547251573,8742.361203070734
500,500,50,0.1,pls,0.9784502780284416,231.73899931469063
500,500,125,0.1,linreg,0.9216777523221855,842.2530613104483
500,500,125,0.1,pcr,0.3280049139364948,7226.42589051856
500,500,125,0.1,pls,0.9901459541789879,105.96734012514555
500,500,250,0.1,linreg,0.9216777523221855,842.2530613104483
500,500,250,0.1,pcr,0.5432301399291872,4911.960833166459
500,500,250,0.1,pls,0.9867264814198711,142.73928532366986
5000,500,5,0.2,linreg,0.9999177545388747,1.0973401357796655
5000,500,5,0.2,pcr,0.2868390552546728,9515.17709587312
5000,500,5,0.2,pls,0.999841654056443,2.112692382356843
5000,500,50,0.2,linreg,0.9999177545388747,1.0973401357796655
5000,500,50,0.2,pcr,0.33341974176226685,8893.685573331342
5000,500,50,0.2,pls,0.9999177545388747,1.0973401357797146
5000,500,125,0.2,linreg,0.9999177545388747,1.0973401357796655
5000,500,125,0.2,pcr,0.45158241067280247,7317.128795946017
5000,500,125,0.2,pls,0.9999176323781085,1.0989700362001316
5000,500,250,0.2,linreg,0.9999177545388747,1.0973401357796655
5000,500,250,0.2,pcr,0.6235155863335986,5023.152061630384
5000,500,250,0.2,pls,0.9999175137672237,1.1005525731898906
2500,500,5,0.2,linreg,0.9999081197911511,1.2242604987983883
2500,500,5,0.2,pcr,0.28567921211443936,9517.987987128747
2500,500,5,0.2,pls,0.9988361102977534,15.508281982268693
2500,500,50,0.2,linreg,0.9999081197911511,1.2242604987983883
2500,500,50,0.2,pcr,0.34008965363215604,8792.994486277465
2500,500,50,0.2,pls,0.9999081197911511,1.224260498798331
2500,500,125,0.2,linreg,0.9999081197911511,1.2242604987983883
2500,500,125,0.2,pcr,0.46035183530426227,7190.557570155706
2500,500,125,0.2,pls,0.999908112143106,1.2243624053953746
2500,500,250,0.2,linreg,0.9999081197911511,1.2242604987983883
2500,500,250,0.2,pcr,0.6435032025888672,4750.151882395781
2500,500,250,0.2,pls,0.9999079502064252,1.2265201353805497
1500,500,5,0.2,linreg,0.9998885149443199,1.4864670585514408
1500,500,5,0.2,pcr,0.2861376838767884,9518.16197054248
1500,500,5,0.2,pls,0.9901479471825532,131.36067325707214
1500,500,50,0.2,linreg,0.9998885149443199,1.4864670585514408
1500,500,50,0.2,pcr,0.33701745757651946,8839.76514784901
1500,500,50,0.2,pls,0.999888514944322,1.486467058523488
1500,500,125,0.2,linreg,0.9998885149443199,1.4864670585514408
1500,500,125,0.2,pcr,0.4704365249685746,7060.844668767272
1500,500,125,0.2,pls,0.9998885149335253,1.4864672024802261
1500,500,250,0.2,linreg,0.9998885149443199,1.4864670585514408
1500,500,250,0.2,pcr,0.6612664912802795,4516.445717927468
1500,500,250,0.2,pls,0.9998880802152097,1.4922634453210604
1000,500,5,0.2,linreg,0.9998529441606047,1.96139297756178
1000,500,5,0.2,pcr,0.2849296819412134,9537.424056536507
1000,500,5,0.2,pls,0.9641390864848192,478.30364456680354
1000,500,50,0.2,linreg,0.9998529441606047,1.96139297756178
1000,500,50,0.2,pcr,0.3473660447172028,8704.66390231989
1000,500,50,0.2,pls,0.999852944176328,1.9613927678486462
1000,500,125,0.2,linreg,0.9998529441606047,1.96139297756178
1000,500,125,0.2,pcr,0.46249279679404476,7169.132882392534
1000,500,125,0.2,pls,0.9998529441606047,1.9613929775617234
1000,500,250,0.2,linreg,0.9998529441606047,1.96139297756178
1000,500,250,0.2,pcr,0.6510388746847768,4654.353770986542
1000,500,250,0.2,pls,0.9998522479105252,1.9706793821152981
500,500,5,0.2,linreg,0.9277004959856403,964.1469729265276
500,500,5,0.2,pcr,0.28654238623663575,9514.283783810035
500,500,5,0.2,pls,0.8362896186975106,2183.152854521565
500,500,50,0.2,linreg,0.9277004959856403,964.1469729265276
500,500,50,0.2,pcr,0.3549106534322025,8602.561652939738
500,500,50,0.2,pls,0.9860512430961154,186.01305677418247
500,500,125,0.2,linreg,0.9277004959856403,964.1469729265276
500,500,125,0.2,pcr,0.46785805470283626,7096.356368137636
500,500,125,0.2,pls,0.9931487342964004,91.36476354704975
500,500,250,0.2,linreg,0.9277004959856403,964.1469729265276
500,500,250,0.2,pcr,0.6596862820888375,4538.239168338578
500,500,250,0.2,pls,0.9882551942563874,156.6223594433659
5000,500,5,0.5,linreg,0.9998627598502744,1.1128304975074574
5000,500,5,0.5,pcr,0.2978566969022427,5693.424867796371
5000,500,5,0.5,pls,0.9998067740824074,1.5667987424657999
5000,500,50,0.5,linreg,0.9998627598502744,1.1128304975074574
5000,500,50,0.5,pcr,0.37660642542206435,5054.8719389157795
5000,500,50,0.5,pls,0.9998627598502744,1.1128304975074568
5000,500,125,0.5,linreg,0.9998627598502744,1.1128304975074574
5000,500,125,0.5,pcr,0.4953365436683038,4092.1325596505917
5000,500,125,0.5,pls,0.9998627572689436,1.1128514285808393
5000,500,250,0.5,linreg,0.9998627598502744,1.1128304975074574
5000,500,250,0.5,pcr,0.6693310160626655,2681.274617092893
5000,500,250,0.5,pls,0.9998621980305414,1.1173860895422394
2500,500,5,0.5,linreg,0.9998451307426445,1.255978561271983
2500,500,5,0.5,pcr,0.2878580635494249,5775.419989980164
2500,500,5,0.5,pls,0.9990166032552659,7.975277015599417
2500,500,50,0.5,linreg,0.9998451307426445,1.255978561271983
2500,500,50,0.5,pcr,0.3649972959761977,5149.826351737474
2500,500,50,0.5,pls,0.9998451307426445,1.2559785612719339
2500,500,125,0.5,linreg,0.9998451307426445,1.255978561271983
2500,500,125,0.5,pcr,0.5011890838206159,4045.320727608456
2500,500,125,0.5,pls,0.999845310725431,1.2545189137912012
2500,500,250,0.5,linreg,0.9998451307426445,1.255978561271983
2500,500,250,0.5,pcr,0.6529854206081105,2814.2633315817548
2500,500,250,0.5,pls,0.99984474192564,1.2591318392706825
1500,500,5,0.5,linreg,0.9998116064762308,1.5269461580526884
1500,500,5,0.5,pcr,0.2897020115269806,5757.027963975431
1500,500,5,0.5,pls,0.9933749254725724,53.69681448741811
1500,500,50,0.5,linreg,0.9998116064762308,1.5269461580526884
1500,500,50,0.5,pcr,0.357756489673278,5205.440404781785
1500,500,50,0.5,pls,0.9998116064762316,1.526946158045924
1500,500,125,0.5,linreg,0.9998116064762308,1.5269461580526884
1500,500,125,0.5,pcr,0.49727438315968564,4074.6355491986924
1500,500,125,0.5,pls,0.9998116095295094,1.5269214109596052
1500,500,250,0.5,linreg,0.9998116064762308,1.5269461580526884
1500,500,250,0.5,pcr,0.6749034143947952,2634.936554368672
1500,500,250,0.5,pls,0.9998095976806797,1.5432276235067865
1000,500,5,0.5,linreg,0.999735403681773,2.1451925140979275
1000,500,5,0.5,pcr,0.29153971629210984,5743.782480913298
1000,500,5,0.5,pls,0.9718867652075133,227.92569914824898
1000,500,50,0.5,linreg,0.999735403681773,2.1451925140979275
1000,500,50,0.5,pcr,0.34140733446024885,5339.484938502113
1000,500,50,0.5,pls,0.9997354036942944,2.1451924125825417
1000,500,125,0.5,linreg,0.999735403681773,2.1451925140979275
1000,500,125,0.5,pcr,0.48270580063715884,4193.919444895013
1000,500,125,0.5,pls,0.999735403681773,2.1451925140979666
1000,500,250,0.5,linreg,0.999735403681773,2.1451925140979275
1000,500,250,0.5,pcr,0.6721353488213295,2658.1352305237547
1000,500,250,0.5,pls,0.999736007180731,2.140299696785006
500,500,5,0.5,linreg,0.9381576498564204,501.27841604739683
500,500,5,0.5,pcr,0.2834334030848753,5808.307217628898
500,500,5,0.5,pls,0.8473461047350047,1237.3737842148685
500,500,50,0.5,linreg,0.9381576498564204,501.27841604739683
500,500,50,0.5,pcr,0.3630869326774391,5162.655895290041
500,500,50,0.5,pls,0.9871713689181129,103.98563207663604
500,500,125,0.5,linreg,0.9381576498564204,501.27841604739683
500,500,125,0.5,pcr,0.4895022886287711,4137.965060478187
500,500,125,0.5,pls,0.9907427110059747,75.03723828483527
500,500,250,0.5,linreg,0.9381576498564204,501.27841604739683
500,500,250,0.5,pcr,0.6572170978063061,2778.5113253433447
500,500,250,0.5,pls,0.987810969601504,98.80119104668242
5000,500,5,0.9,linreg,0.9998608808852614,1.0946779774734012
5000,500,5,0.9,pcr,0.8448305066714704,1220.972599211766
5000,500,5,0.9,pls,0.9998468253800389,1.2052756624729681
5000,500,50,0.9,linreg,0.9998608808852614,1.0946779774734012
5000,500,50,0.9,pcr,0.8545754789515363,1144.2929382886803
5000,500,50,0.9,pls,0.9998608808852614,1.0946779774734003
5000,500,125,0.9,linreg,0.9998608808852614,1.0946779774734012
5000,500,125,0.9,pcr,0.8788977109442986,952.910095064725
5000,500,125,0.9,pls,0.9998608694965125,1.0947675914174861
5000,500,250,0.9,linreg,0.9998608808852614,1.0946779774734012
5000,500,250,0.9,pcr,0.928234896236031,564.693635300315
5000,500,250,0.9,pls,0.9998604710745219,1.0979026299032384
2500,500,5,0.9,linreg,0.999844864896667,1.2210403708715691
2500,500,5,0.9,pcr,0.845047208920997,1219.6054240580622
2500,500,5,0.9,pls,0.9996640767039171,2.643991573932621
2500,500,50,0.9,linreg,0.999844864896667,1.2210403708715691
2500,500,50,0.9,pcr,0.8556973447159189,1135.7801293215575
2500,500,50,0.9,pls,0.999844864896667,1.2210403708715771
2500,500,125,0.9,linreg,0.999844864896667,1.2210403708715691
2500,500,125,0.9,pcr,0.878477790173056,956.4793587544872
2500,500,125,0.9,pls,0.9998448557820321,1.2211121105162457
2500,500,250,0.9,linreg,0.999844864896667,1.2210403708715691
2500,500,250,0.9,pcr,0.9240019943203984,598.1665725348605
2500,500,250,0.9,pls,0.9998443541868318,1.2250600757169179
1500,500,5,0.9,linreg,0.9998090444369612,1.502815184071923
1500,500,5,0.9,pcr,0.8445070738110048,1223.7251786429565
1500,500,5,0.9,pls,0.9981674969930475,14.421749750989333
1500,500,50,0.9,linreg,0.9998090444369612,1.502815184071923
1500,500,50,0.9,pcr,0.8550614448011529,1140.6625606709683
1500,500,50,0.9,pls,0.9998090444369614,1.5028151840703077
1500,500,125,0.9,linreg,0.9998090444369612,1.502815184071923
1500,500,125,0.9,pcr,0.875420519855051,980.4371834274085
1500,500,125,0.9,pls,0.9998090635061884,1.502665109762269
1500,500,250,0.9,linreg,0.9998090444369612,1.502815184071923
1500,500,250,0.9,pcr,0.9197116817125882,631.8669218417419
1500,500,250,0.9,pls,0.9998074829598133,1.5151039675463385
1000,500,5,0.9,linreg,0.9997335026451276,2.098131559772061
1000,500,5,0.9,pcr,0.8440272065138398,1227.9725651903882
1000,500,5,0.9,pls,0.9929165481625964,55.76796009587965
1000,500,50,0.9,linreg,0.9997335026451276,2.098131559772061
1000,500,50,0.9,pcr,0.8536086080477004,1152.5382669600494
1000,500,50,0.9,pls,0.9997335026508397,2.098131514800921
1000,500,125,0.9,linreg,0.9997335026451276,2.098131559772061
1000,500,125,0.9,pcr,0.8740556341492469,991.5589927466992
1000,500,125,0.9,pls,0.9997335026451276,2.0981315597719963
1000,500,250,0.9,linreg,0.9997335026451276,2.098131559772061
1000,500,250,0.9,pcr,0.9234139272706297,602.9615427493598
1000,500,250,0.9,pls,0.9997336074174171,2.0973066883680866
500,500,5,0.9,linreg,0.8655637858638553,1058.3338598611172
500,500,5,0.9,pcr,0.8431844418556869,1234.5127092694981
500,500,5,0.9,pls,0.9646556187804396,278.24463550140337
500,500,50,0.9,linreg,0.8655637858638553,1058.3338598611172
500,500,50,0.9,pcr,0.854329157012052,1146.777202253926
500,500,50,0.9,pls,0.9936464369736139,50.01770486318885
500,500,125,0.9,linreg,0.8655637858638553,1058.3338598611172
500,500,125,0.9,pcr,0.8746571281880557,986.747552980566
500,500,125,0.9,pls,0.9936247996631024,50.188042137991054
500,500,250,0.9,linreg,0.8655637858638553,1058.3338598611172
500,500,250,0.9,pcr,0.9207335776673937,624.0159263908766
500,500,250,0.9,pls,0.9907904909406372,72.5008163377073
5000,500,5,0.99,linreg,0.9999347371188261,1.1089017081332415
5000,500,5,0.99,pcr,0.9932019312246914,115.50807965176325
5000,500,5,0.99,pls,0.999934496975147,1.1129820633213825
5000,500,50,0.99,linreg,0.9999347371188261,1.1089017081332415
5000,500,50,0.99,pcr,0.993741666799615,106.33726631642135
5000,500,50,0.99,pls,0.9999347371188261,1.1089017081332329
5000,500,125,0.99,linreg,0.9999347371188261,1.1089017081332415
5000,500,125,0.99,pcr,0.9947169564052678,89.76582034010951
5000,500,125,0.99,pls,0.99993473716153,1.1089009825369787
5000,500,250,0.99,linreg,0.9999347371188261,1.1089017081332415
5000,500,250,0.99,pcr,0.9961676369693062,65.11686021942994
5000,500,250,0.99,pls,0.9999345186834394,1.1126132110414215
2500,500,5,0.99,linreg,0.9999257340936687,1.2610228682470264
2500,500,5,0.99,pcr,0.9931644547340476,116.06643375291436
2500,500,5,0.99,pls,0.9999163678877491,1.4200595034506627
2500,500,50,0.99,linreg,0.9999257340936687,1.2610228682470264
2500,500,50,0.99,pcr,0.9937974945032233,105.31752264585768
2500,500,50,0.99,pls,0.9999257340936687,1.2610228682470297
2500,500,125,0.99,linreg,0.9999257340936687,1.2610228682470264
2500,500,125,0.99,pcr,0.9948904741375358,86.75890831685861
2500,500,125,0.99,pls,0.999925735033483,1.2610069103534347
2500,500,250,0.99,linreg,0.9999257340936687,1.2610228682470264
2500,500,250,0.99,pcr,0.9960021125265031,67.88347140432431
2500,500,250,0.99,pls,0.9999255848278289,1.263557377644115
1500,500,5,0.99,linreg,0.9999088862083376,1.5471442233602473
1500,500,5,0.99,pcr,0.9931892523429516,115.64889027348649
1500,500,5,0.99,pls,0.9998429642486564,2.6665222807597706
1500,500,50,0.99,linreg,0.9999088862083376,1.5471442233602473
1500,500,50,0.99,pcr,0.9937854956693204,105.52446891775494
1500,500,50,0.99,pls,0.9999088862083376,1.5471442233593704
1500,500,125,0.99,linreg,0.9999088862083376,1.5471442233602473
1500,500,125,0.99,pcr,0.9947381447779673,89.34815204584356
1500,500,125,0.99,pls,0.9999089570945712,1.5459405501865655
1500,500,250,0.99,linreg,0.9999088862083376,1.5471442233602473
1500,500,250,0.99,pcr,0.9962007370629659,64.5128207136657
1500,500,250,0.99,pls,0.9999078137101095,1.5653556204265253
1000,500,5,0.99,linreg,0.9998781170321583,2.0690611160366577
1000,500,5,0.99,pcr,0.9931729523862676,115.89460779499765
1000,500,5,0.99,pls,0.9995848476963333,7.047543261872692
1000,500,50,0.99,linreg,0.9998781170321583,2.0690611160366577
1000,500,50,0.99,pcr,0.9938025988045667,105.20585493621981
1000,500,50,0.99,pls,0.999878117033272,2.0690610971302514
1000,500,125,0.99,linreg,0.9998781170321583,2.0690611160366577
1000,500,125,0.99,pcr,0.994847241872669,87.47220116471763
1000,500,125,0.99,pls,0.9998781170321582,2.069061116037806
1000,500,250,0.99,linreg,0.9998781170321583,2.0690611160366577
1000,500,250,0.99,pcr,0.9965673326459258,58.27228096240401
1000,500,250,0.99,pls,0.9998781406612851,2.0686599926616087
500,500,5,0.99,linreg,0.9938605140442124,104.22122378438617
500,500,5,0.99,pcr,0.9931028783510304,117.08251538025947
500,500,5,0.99,pls,0.9982790714152359,29.213729690279575
500,500,50,0.99,linreg,0.9938605140442124,104.22122378438617
500,500,50,0.99,pcr,0.9938159458728644,104.97779353520448
500,500,50,0.99,pls,0.9989275647382677,18.20519115316254
500,500,125,0.99,linreg,0.9938605140442124,104.22122378438617
500,500,125,0.99,pcr,0.9948995780820001,86.58252790847172
500,500,125,0.99,pls,0.9976663410000718,39.615172771701246
500,500,250,0.99,linreg,0.9938605140442124,104.22122378438617
500,500,250,0.99,pcr,0.9964702545193913,59.91941284427208
500,500,250,0.99,pls,0.9957076623448817,72.86484349565417
1000,100,1,0.01,linreg,0.9995637710855095,1.1228303740263879
1000,100,1,0.01,pcr,-0.001468063047771695,2577.726332333972
1000,100,1,0.01,pls,0.8999211480382834,257.5977223141508
1000,100,10,0.01,linreg,0.9995637710855095,1.1228303740263879
1000,100,10,0.01,pcr,0.09466513365436502,2330.284519964646
1000,100,10,0.01,pls,0.9995637938590136,1.1227717562198962
1000,100,25,0.01,linreg,0.9995637710855095,1.1228303740263879
1000,100,25,0.01,pcr,0.22018649874423035,2007.1991016658721
1000,100,25,0.01,pls,0.9995637710855096,1.1228303740263588
1000,100,50,0.01,linreg,0.9995637710855095,1.1228303740263879
1000,100,50,0.01,pcr,0.4815310261926984,1334.511978558723
1000,100,50,0.01,pls,0.9995637710855095,1.1228303740263947
500,100,1,0.01,linreg,0.9995014527749131,1.2829171157671568
500,100,1,0.01,pcr,-0.0010695510330891445,2576.0634027596875
500,100,1,0.01,pls,0.8449594509945542,398.9675680621092
500,100,10,0.01,linreg,0.9995014527749131,1.2829171157671568
500,100,10,0.01,pcr,0.06886480267608808,2396.1005530256757
500,100,10,0.01,pls,0.999502778884347,1.2795046236209928
500,100,25,0.01,linreg,0.9995014527749131,1.2829171157671568
500,100,25,0.01,pcr,0.23215155373474805,1975.9129415618625
500,100,25,0.01,pls,0.9995014527771217,1.28291711008396
500,100,50,0.01,linreg,0.9995014527749131,1.2829171157671568
500,100,50,0.01,pcr,0.46288179704656895,1382.1722418352222
500,100,50,0.01,pls,0.9995014527749131,1.282917115767155
300,100,1,0.01,linreg,0.9993725517479101,1.6147441565434708
300,100,1,0.01,pcr,-1.2973141036543012e-05,2573.543076211621
300,100,1,0.01,pls,0.7535652882332396,634.2021186120221
300,100,10,0.01,linreg,0.9993725517479101,1.6147441565434708
300,100,10,0.01,pcr,0.05294115624076601,2437.26511113753
300,100,10,0.01,pls,0.9993574221086761,1.6536804297138372
300,100,25,0.01,linreg,0.9993725517479101,1.6147441565434708
300,100,25,0.01,pcr,0.24046477387245113,1954.671264113392
300,100,25,0.01,pls,0.9993725514873838,1.614744827010458
300,100,50,0.01,linreg,0.9993725517479101,1.6147441565434708
300,100,50,0.01,pcr,0.4895351637754578,1313.6862022787898
300,100,50,0.01,pls,0.9993725517479101,1.6147441565434413
200,100,1,0.01,linreg,0.999161944120055,2.1562775681589166
200,100,1,0.01,pcr,-0.0005823048917235063,2574.450261331282
200,100,1,0.01,pls,0.6629361960473578,867.2489948391587
200,100,10,0.01,linreg,0.999161944120055,2.1562775681589166
200,100,10,0.01,pcr,0.07895676536496476,2369.800049942088
200,100,10,0.01,pls,0.9985941433317453,3.6172017527075404
200,100,25,0.01,linreg,0.999161944120055,2.1562775681589166
200,100,25,0.01,pcr,0.26398828021240794,1893.7228402765911
200,100,25,0.01,pls,0.999161552109169,2.1572861933593805
200,100,50,0.01,linreg,0.999161944120055,2.1562775681589166
200,100,50,0.01,pcr,0.5698492041135754,1106.757358657767
200,100,50,0.01,pls,0.9991619441197499,2.15627756894376
100,100,1,0.01,linreg,-0.6646140995387189,4282.995095280966
100,100,1,0.01,pcr,-0.003779933823633952,2582.69140847685
100,100,1,0.01,pls,0.4954760427270323,1298.1228712712839
100,100,10,0.01,linreg,-0.6646140995387189,4282.995095280966
100,100,10,0.01,pcr,0.05759729430216487,2424.769901565678
100,100,10,0.01,pls,0.8368316449661004,419.82659194639376
100,100,25,0.01,linreg,-0.6646140995387189,4282.995095280966
100,100,25,0.01,pcr,0.3141048769601482,1764.7846721176288
100,100,25,0.01,pls,0.8877448733053241,288.8285982839334
100,100,50,0.01,linreg,-0.6646140995387189,4282.995095280966
100,100,50,0.01,pcr,0.5122901452267499,1254.8607611174662
100,100,50,0.01,pls,0.9263945023164691,189.38442588683873
1000,100,1,0.1,linreg,0.9995036915362071,1.1066084203875373
1000,100,1,0.1,pcr,-0.00013045690223711937,2229.9695972058244
1000,100,1,0.1,pls,0.9313761250338053,153.0091937116426
1000,100,10,0.1,linreg,0.9995036915362071,1.1066084203875373
1000,100,10,0.1,pcr,0.1256994593783356,1949.4093105070865
1000,100,10,0.1,pls,0.9995037202922025,1.1065443037566352
1000,100,25,0.1,linreg,0.9995036915362071,1.1066084203875373
1000,100,25,0.1,pcr,0.37862626019957435,1385.4638049408775
1000,100,25,0.1,pls,0.9995036915362068,1.1066084203884292
1000,100,50,0.1,linreg,0.9995036915362071,1.1066084203875373
1000,100,50,0.1,pcr,0.7669399373835841,519.6490621505944
1000,100,50,0.1,pls,0.999503691536207,1.1066084203877822
500,100,1,0.1,linreg,0.9994096784635571,1.316592052972919
500,100,1,0.1,pcr,-0.0003226319419578072,2231.0160587391965
500,100,1,0.1,pls,0.8280795501951532,383.43357642090655
500,100,10,0.1,linreg,0.9994096784635571,1.316592052972919
500,100,10,0.1,pcr,0.14816527949066094,1899.8439904918814
500,100,10,0.1,pls,0.9994102423299501,1.3153344637335027
500,100,25,0.1,linreg,0.9994096784635571,1.316592052972919
500,100,25,0.1,pcr,0.4365200184097211,1256.7274272955992
500,100,25,0.1,pls,0.9994096784615405,1.3165920574705352
500,100,50,0.1,linreg,0.9994096784635571,1.316592052972919
500,100,50,0.1,pcr,0.6946757423902092,680.9636212345451
500,100,50,0.1,pls,0.9994096784635571,1.3165920529729156
300,100,1,0.1,linreg,0.9992815345904997,1.6029916282155254
300,100,1,0.1,pcr,-0.004086096410951923,2240.249266382715
300,100,1,0.1,pls,0.7598455294070214,535.816478773604
300,100,10,0.1,linreg,0.9992815345904997,1.6029916282155254
300,100,10,0.1,pcr,0.17228954407279995,1846.7318174170741
300,100,10,0.1,pls,0.9993136216971888,1.5314010370524376
300,100,25,0.1,linreg,0.9992815345904997,1.6029916282155254
300,100,25,0.1,pcr,0.320107039579401,1516.9313779419506
300,100,25,0.1,pls,0.9992815365073232,1.6029873515279593
300,100,50,0.1,linreg,0.9992815345904997,1.6029916282155254
300,100,50,0.1,pcr,0.6151201953045872,858.7178960015492
300,100,50,0.1,pls,0.9992815345904997,1.602991628215597
200,100,1,0.1,linreg,0.9990592481134712,2.0993243398274197
200,100,1,0.1,pcr,-0.0011600085535312665,2234.12740820913
200,100,1,0.1,pls,0.6449419141660915,792.3258962509692
200,100,10,0.1,linreg,0.9990592481134712,2.0993243398274197
200,100,10,0.1,pcr,0.1374751680098466,1924.7576320934734
200,100,10,0.1,pls,0.9985707545840079,3.189416606381041
200,100,25,0.1,linreg,0.9990592481134712,2.0993243398274197
200,100,25,0.1,pcr,0.2502664773424095,1673.0594485516174
200,100,25,0.1,pls,0.9990594320344892,2.0989139129388943
200,100,50,0.1,linreg,0.9990592481134712,2.0993243398274197
200,100,50,0.1,pcr,0.6332352206319121,818.4498371403006
200,100,50,0.1,pls,0.999059248113354,2.0993243400891117
100,100,1,0.1,linreg,0.9492811905108689,113.21090854308994
100,100,1,0.1,pcr,-0.010141613050788756,2254.7660507522164
100,100,1,0.1,pls,0.3377841984170402,1478.1508734912895
100,100,10,0.1,linreg,0.9492811905108689,113.21090854308994
100,100,10,0.1,pcr,0.1367412014387338,1926.9047100539794
100,100,10,0.1,pls,0.9096099161166277,201.7622973172433
100,100,25,0.1,linreg,0.9492811905108689,113.21090854308994
100,100,25,0.1,pcr,0.24709022996573626,1680.59148026363
100,100,25,0.1,pls,0.9759155235068134,53.759650375126725
100,100,50,0.1,linreg,0.9492811905108689,113.21090854308994
100,100,50,0.1,pcr,0.5180250117349177,1075.8301873830096
100,100,50,0.1,pls,0.9849099543660641,33.68292342391558
1000,100,1,0.2,linreg,0.9995027308180012,1.109046022599761
1000,100,1,0.2,pcr,0.007857286255054108,2212.7490911609957
1000,100,1,0.2,pls,0.10758618236346484,1990.326428403725
1000,100,10,0.2,linreg,0.9995027308180012,1.109046022599761
1000,100,10,0.2,pcr,0.10024906926562616,2006.6901935295168
1000,100,10,0.2,pls,0.999502781502615,1.1089329820751475
1000,100,25,0.2,linreg,0.9995027308180012,1.109046022599761
1000,100,25,0.2,pcr,0.2983769734815557,1564.8108812956782
1000,100,25,0.2,pls,0.9995027308180011,1.109046022599883
1000,100,50,0.2,linreg,0.9995027308180012,1.109046022599761
1000,100,50,0.2,pcr,0.5448030522308259,1015.2134552030117
1000,100,50,0.2,pls,0.9995027308180012,1.1090460225997951
500,100,1,0.2,linreg,0.9994200492051635,1.2936187739337492
500,100,1,0.2,pcr,0.00828884064784563,2212.0776201698745
500,100,1,0.2,pls,0.11624819587261048,1971.2671066160285
500,100,10,0.2,linreg,0.9994200492051635,1.2936187739337492
500,100,10,0.2,pcr,0.08586546622382074,2039.0378034181747
500,100,10,0.2,pls,0.9994199612240421,1.2938150216697126
500,100,25,0.2,linreg,0.9994200492051635,1.2936187739337492
500,100,25,0.2,pcr,0.1574687743543245,1879.321868035249
500,100,25,0.2,pls,0.9994200491991424,1.2936187873640996
500,100,50,0.2,linreg,0.9994200492051635,1.2936187739337492
500,100,50,0.2,pcr,0.4835414421388776,1151.9951215796664
500,100,50,0.2,pls,0.9994200492051635,1.2936187739337246
300,100,1,0.2,linreg,0.9992786018925675,1.6091395795388945
300,100,1,0.2,pcr,0.009437737405431745,2209.5330252686467
300,100,1,0.2,pls,0.12650690398849695,1948.4003336916098
300,100,10,0.2,linreg,0.9992786018925675,1.6091395795388945
300,100,10,0.2,pcr,0.06808693698504031,2078.7110181418147
300,100,10,0.2,pls,0.9992807213539904,1.6044119413211912
300,100,25,0.2,linreg,0.9992786018925675,1.6091395795388945
300,100,25,0.2,pcr,0.16988396772137326,1851.6441190888725
300,100,25,0.2,pls,0.9992786067911208,1.6091286529008437
300,100,50,0.2,linreg,0.9992786018925675,1.6091395795388945
300,100,50,0.2,pcr,0.5592005092699666,983.2405988680861
300,100,50,0.2,pls,0.9992786018925673,1.6091395795390182
200,100,1,0.2,linreg,0.9990370383210428,2.1479481545503476
200,100,1,0.2,pcr,0.008829329399250962,2210.87013043643
200,100,1,0.2,pls,0.10196242401470212,2003.130754012376
200,100,10,0.2,linreg,0.9990370383210428,2.1479481545503476
200,100,10,0.2,pcr,0.10864590994498557,1988.2228074308857
200,100,10,0.2,pls,0.9985147789605979,3.312881353843595
200,100,25,0.2,linreg,0.9990370383210428,2.1479481545503476
200,100,25,0.2,pcr,0.22861074524587077,1720.6335022422054
200,100,25,0.2,pls,0.9990374390259478,2.1470543564067155
200,100,50,0.2,linreg,0.9990370383210428,2.1479481545503476
200,100,50,0.2,pcr,0.48775097848355164,1142.6044924529344
200,100,50,0.2,pls,0.9990370383198806,2.1479481571428285
100,100,1,0.2,linreg,0.9765597019756648,52.27634743488875
100,100,1,0.2,pcr,-0.0017199862428576296,2234.027143295623
100,100,1,0.2,pls,0.03442642230910031,2153.4137394035797
100,100,10,0.2,linreg,0.9765597019756648,52.27634743488875
100,100,10,0.2,pcr,0.09146866344927296,2026.198632615579
100,100,10,0.2,pls,0.9198954346727463,178.64850028019328
100,100,25,0.2,linreg,0.9765597019756648,52.27634743488875
100,100,25,0.2,pcr,0.2806691272735423,1604.2454146380906
100,100,25,0.2,pls,0.9533060547974396,104.13642778690462
100,100,50,0.2,linreg,0.9765597019756648,52.27634743488875
100,100,50,0.2,pcr,0.5888529441522494,916.9365643736604
100,100,50,0.2,pls,0.9789382233647698,46.971789856777846
1000,100,1,0.5,linreg,0.9991844155743875,1.1303232417889628
1000,100,1,0.5,pcr,0.02616497004591578,1349.643683054343
1000,100,1,0.5,pls,0.051651920114619165,1314.3211693816024
1000,100,10,0.5,linreg,0.9991844155743875,1.1303232417889628
1000,100,10,0.5,pcr,0.08380896605613342,1269.7545306946583
1000,100,10,0.5,pls,0.9991844694184249,1.1302486190215932
1000,100,25,0.5,linreg,0.9991844155743875,1.1303232417889628
1000,100,25,0.5,pcr,0.2619807981702792,1022.8251429497815
1000,100,25,0.5,pls,0.9991844155743879,1.130323241788562
1000,100,50,0.5,linreg,0.9991844155743875,1.1303232417889628
1000,100,50,0.5,pcr,0.46621479152434464,739.7760529942954
1000,100,50,0.5,pls,0.9991844155743642,1.1303232418212967
500,100,1,0.5,linreg,0.9990464420789088,1.3214778789712223
500,100,1,0.5,pcr,0.02313324871195721,1353.7801679130248
500,100,1,0.5,pls,0.05705926429517061,1306.764168021224
500,100,10,0.5,linreg,0.9990464420789088,1.3214778789712223
500,100,10,0.5,pcr,0.07316817421089383,1284.4398103318574
500,100,10,0.5,pls,0.9990486138570861,1.318468143793222
500,100,25,0.5,linreg,0.9990464420789088,1.3214778789712223
500,100,25,0.5,pcr,0.258416040919051,1027.7160680537756
500,100,25,0.5,pls,0.9990464420795234,1.321477878119411
500,100,50,0.5,linreg,0.9990464420789088,1.3214778789712223
500,100,50,0.5,pcr,0.43511049241730826,782.8459832615484
500,100,50,0.5,pls,0.9990464420789088,1.3214778789712274
300,100,1,0.5,linreg,0.9988160476117232,1.6405334750794376
300,100,1,0.5,pcr,0.023310373166018805,1353.3416068496015
300,100,1,0.5,pls,0.04556279197481505,1322.5077335293665
300,100,10,0.5,linreg,0.9988160476117232,1.6405334750794376
300,100,10,0.5,pcr,0.0696743774908638,1289.0977218025523
300,100,10,0.5,pls,0.998736957638224,1.7501238187057933
300,100,25,0.5,linreg,0.9988160476117232,1.6405334750794376
300,100,25,0.5,pcr,0.20585168506359164,1100.4048032094336
300,100,25,0.5,pls,0.998816044087137,1.640538358892111
300,100,50,0.5,linreg,0.9988160476117232,1.6405334750794376
300,100,50,0.5,pcr,0.5216608934629136,662.8064814800593
300,100,50,0.5,pls,0.9988160476117232,1.6405334750794196
200,100,1,0.5,linreg,0.9984719365319761,2.11757347047173
200,100,1,0.5,pcr,0.01908130658236662,1359.3462872043538
200,100,1,0.5,pls,0.0310178851532682,1342.8047085076068
200,100,10,0.5,linreg,0.9984719365319761,2.11757347047173
200,100,10,0.5,pcr,0.07396863604812609,1283.2840324787462
200,100,10,0.5,pls,0.997610330320813,3.3115778380467873
200,100,25,0.5,linreg,0.9984719365319761,2.11757347047173
200,100,25,0.5,pcr,0.1728403237536894,1146.2687400859406
200,100,25,0.5,pls,0.9984734099818299,2.115531579944406
200,100,50,0.5,linreg,0.9984719365319761,2.11757347047173
200,100,50,0.5,pcr,0.47043881733563575,733.8600358346578
200,100,50,0.5,pls,0.998471936528256,2.117573475626899
100,100,1,0.5,linreg,0.8024168832501629,273.8259276517447
100,100,1,0.5,pcr,0.020977120469614086,1356.8054426386675
100,100,1,0.5,pls,0.048559801924934365,1318.579234545248
100,100,10,0.5,linreg,0.8024168832501629,273.8259276517447
100,100,10,0.5,pcr,0.09389485514490636,1255.7504199820205
100,100,10,0.5,pls,0.9315589863127758,94.85083731145959
100,100,25,0.5,linreg,0.8024168832501629,273.8259276517447
100,100,25,0.5,pcr,0.17700587866263728,1140.5687511877034
100,100,25,0.5,pls,0.9760006661891524,33.26012845571056
100,100,50,0.5,linreg,0.8024168832501629,273.8259276517447
100,100,50,0.5,pcr,0.340946498387908,913.367191588299
100,100,50,0.5,pls,0.9824527622084307,24.318315982866814
1000,100,1,0.9,linreg,0.9997171327389144,1.1289567517820454
1000,100,1,0.9,pcr,0.9468029132477098,212.31587577024268
1000,100,1,0.9,pls,0.9468543500640266,212.11058534232927
1000,100,10,0.9,linreg,0.9997171327389144,1.1289567517820454
1000,100,10,0.9,pcr,0.9539643759731963,183.7336295762415
1000,100,10,0.9,pls,0.9997171360135124,1.1289436824732504
1000,100,25,0.9,linreg,0.9997171327389144,1.1289567517820454
1000,100,25,0.9,pcr,0.960789384659805,156.4942113129009
1000,100,25,0.9,pls,0.9997171327389144,1.1289567517819636
1000,100,50,0.9,linreg,0.9997171327389144,1.1289567517820454
1000,100,50,0.9,pcr,0.9753180177812005,98.50871524095938
1000,100,50,0.9,pls,0.999717132731798,1.1289567801841507
500,100,1,0.9,linreg,0.9996887558150367,1.2426469041821506
500,100,1,0.9,pcr,0.9465899523023931,213.24038690545615
500,100,1,0.9,pls,0.9466176416157891,213.1298369217688
500,100,10,0.9,linreg,0.9996887558150367,1.2426469041821506
500,100,10,0.9,pcr,0.9512629475436691,194.58338590634048
500,100,10,0.9,pls,0.9996886782651907,1.2429565230622694
500,100,25,0.9,linreg,0.9996887558150367,1.2426469041821506
500,100,25,0.9,pcr,0.9591549837111887,163.07431751228376
500,100,25,0.9,pls,0.9996887558153527,1.2426469029203975
500,100,50,0.9,linreg,0.9996887558150367,1.2426469041821506
500,100,50,0.9,pcr,0.9702829348244384,118.64581195675166
500,100,50,0.9,pls,0.9996887558150367,1.242646904182252
300,100,1,0.9,linreg,0.9996137308144007,1.5424095146335857
300,100,1,0.9,pcr,0.9465689795379232,213.3551352521989
300,100,1,0.9,pls,0.9465724336605759,213.3413426126538
300,100,10,0.9,linreg,0.9996137308144007,1.5424095146335857
300,100,10,0.9,pcr,0.9555473834721236,177.5035163019332
300,100,10,0.9,pls,0.9996116566751638,1.5506917494401056
300,100,25,0.9,linreg,0.9996137308144007,1.5424095146335857
300,100,25,0.9,pcr,0.9615542615441915,153.51748211381317
300,100,25,0.9,pls,0.9996137309406677,1.5424090104375132
300,100,50,0.9,linreg,0.9996137308144007,1.5424095146335857
300,100,50,0.9,pcr,0.9772659115956579,90.77937243939574
300,100,50,0.9,pls,0.9996137308144007,1.542409514633559
200,100,1,0.9,linreg,0.9994380669522238,2.244109616510027
200,100,1,0.9,pcr,0.9460026003795167,215.64149721112244
200,100,1,0.9,pls,0.945940604362984,215.8890816118564
200,100,10,0.9,linreg,0.9994380669522238,2.244109616510027
200,100,10,0.9,pcr,0.9524506572951007,189.8908377876709
200,100,10,0.9,pls,0.9994174064442702,2.3266184576682485
200,100,25,0.9,linreg,0.9994380669522238,2.244109616510027
200,100,25,0.9,pcr,0.9606379613215837,157.1944022036929
200,100,25,0.9,pls,0.9994379688264499,2.2445014870255102
200,100,50,0.9,linreg,0.9994380669522238,2.244109616510027
200,100,50,0.9,pcr,0.975590213367227,97.48178566173911
200,100,50,0.9,pls,0.999438066952373,2.2441096159142164
100,100,1,0.9,linreg,0.9864244065101087,54.228447083344086
100,100,1,0.9,pcr,0.9472598761909766,210.67329507739436
100,100,1,0.9,pls,0.9473555123125027,210.29127138470676
100,100,10,0.9,linreg,0.9864244065101087,54.228447083344086
100,100,10,0.9,pcr,0.9536818233025492,185.02047780857535
100,100,10,0.9,pls,0.9948435320659754,20.59779181701539
100,100,25,0.9,linreg,0.9864244065101087,54.228447083344086
100,100,25,0.9,pcr,0.9609438110920562,156.01207233028788
100,100,25,0.9,pls,0.9961980992484426,15.186899480709549
100,100,50,0.9,linreg,0.9864244065101087,54.228447083344086
100,100,50,0.9,pcr,0.9754917774953011,97.89942872055727
100,100,50,0.9,pls,0.99245638157399,30.133394384299375
1000,100,1,0.99,linreg,0.9987488538571226,1.097635895210888
1000,100,1,0.99,pcr,0.9695226004993986,26.73795373545139
1000,100,1,0.99,pls,0.9695281382933616,26.73309540497689
1000,100,10,0.99,linreg,0.9987488538571226,1.097635895210888
1000,100,10,0.99,pcr,0.972456820274371,24.163750100022874
1000,100,10,0.99,pls,0.9987488582103654,1.097632076092261
1000,100,25,0.99,linreg,0.9987488538571226,1.097635895210888
1000,100,25,0.99,pcr,0.9766762996747106,20.461982664394196
1000,100,25,0.99,pls,0.9987488538571228,1.0976358952108582
1000,100,50,0.99,linreg,0.9987488538571226,1.097635895210888
1000,100,50,0.99,pcr,0.9850416315215675,13.123041036564455
1000,100,50,0.99,pls,0.9987488538571913,1.097635895150769
500,100,1,0.99,linreg,0.9985419906951247,1.2790764874413365
500,100,1,0.99,pcr,0.9695127886796535,26.745697052219292
500,100,1,0.99,pls,0.9695189167387505,26.740321053397906
500,100,10,0.99,linreg,0.9985419906951247,1.2790764874413365
500,100,10,0.99,pcr,0.9727655024032451,23.89216955392965
500,100,10,0.99,pls,0.9985426082582212,1.2785347141937382
500,100,25,0.99,linreg,0.9985419906951247,1.2790764874413365
500,100,25,0.99,pcr,0.9746694483628093,22.221883567348854
500,100,25,0.99,pls,0.9985419906951198,1.2790764874456229
500,100,50,0.99,linreg,0.9985419906951247,1.2790764874413365
500,100,50,0.99,pcr,0.9843786553663394,13.704229840181075
500,100,50,0.99,pls,0.9985419906951247,1.2790764874413065
300,100,1,0.99,linreg,0.9983822289744786,1.41945734692803
300,100,1,0.99,pcr,0.9694526208164885,26.802743483093252
300,100,1,0.99,pls,0.9694602560588289,26.796044203241827
300,100,10,0.99,linreg,0.9983822289744786,1.41945734692803
300,100,10,0.99,pcr,0.9711571402784946,25.307171714803964
300,100,10,0.99,pls,0.9983767299093115,1.424282311851668
300,100,25,0.99,linreg,0.9983822289744786,1.41945734692803
300,100,25,0.99,pcr,0.9766572116752981,20.481323909608463
300,100,25,0.99,pls,0.9983822286772132,1.4194576077532925
300,100,50,0.99,linreg,0.9983822289744786,1.41945734692803
300,100,50,0.99,pcr,0.9833920465289315,14.572075528642007
300,100,50,0.99,pls,0.9983822289744785,1.4194573469281409
200,100,1,0.99,linreg,0.9979663458211987,1.784330392303738
200,100,1,0.99,pcr,0.969427661694933,26.824202939792062
200,100,1,0.99,pls,0.9694355803247071,26.817255125400287
200,100,10,0.99,linreg,0.9979663458211987,1.784330392303738
200,100,10,0.99,pcr,0.972290720808367,24.312151754140864
200,100,10,0.99,pls,0.9979398514972804,1.8075765409772633
200,100,25,0.99,linreg,0.9979663458211987,1.784330392303738
200,100,25,0.99,pcr,0.9761671023862429,20.911010334095046
200,100,25,0.99,pls,0.9979663345781831,1.7843402569378832
200,100,50,0.99,linreg,0.9979663458211987,1.784330392303738
200,100,50,0.99,pcr,0.9850784141327413,13.092215698154213
200,100,50,0.99,pls,0.9979663458210493,1.784330392434819
100,100,1,0.99,linreg,0.8364448041503736,143.48714721065187
100,100,1,0.99,pcr,0.9692400986328381,26.98569417331763
100,100,1,0.99,pls,0.9692389025404539,26.986743506438028
100,100,10,0.99,linreg,0.8364448041503736,143.48714721065187
100,100,10,0.99,pcr,0.971875173856425,24.673939878054682
100,100,10,0.99,pls,0.9917656808455257,7.223976948942873
100,100,25,0.99,linreg,0.8364448041503736,143.48714721065187
100,100,25,0.99,pcr,0.9768650807677637,20.296289239471545
100,100,25,0.99,pls,0.9801499901352868,17.414434758830023
100,100,50,0.99,linreg,0.8364448041503736,143.48714721065187
100,100,50,0.99,pcr,0.9846869806057357,13.434128195380037
100,100,50,0.99,pls,0.9668296819779678,29.100355267388686
500,50,5,0.01,linreg,0.9987082498746803,1.1054946404012884
500,50,5,0.01,pcr,0.13096925464984122,743.7265245790097
500,50,5,0.01,pls,0.9987112940926037,1.1028893636278092
500,50,12,0.01,linreg,0.9987082498746803,1.1054946404012884
500,50,12,0.01,pcr,0.22232109644939235,665.546565838774
500,50,12,0.01,pls,0.9987082475846518,1.105496600233989
500,50,25,0.01,linreg,0.9987082498746803,1.1054946404012884
500,50,25,0.01,pcr,0.4822210534593502,443.1211881412729
500,50,25,0.01,pls,0.9987082498746803,1.105494640401281
250,50,5,0.01,linreg,0.9985020385952484,1.2823186919126581
250,50,5,0.01,pcr,0.13046152905503494,744.3619248753674
250,50,5,0.01,pls,0.9983730821697819,1.392710878449253
250,50,12,0.01,linreg,0.9985020385952484,1.2823186919126581
250,50,12,0.01,pcr,0.18834689109239933,694.8095922897661
250,50,12,0.01,pls,0.9985023789500949,1.2820273336840693
250,50,25,0.01,linreg,0.9985020385952484,1.2823186919126581
250,50,25,0.01,pcr,0.3788141944365806,531.7614773639015
250,50,25,0.01,pls,0.998502038595291,1.2823186918762717
150,50,5,0.01,linreg,0.9982506409546041,1.4972452521052892
150,50,5,0.01,pcr,0.1423472265524559,734.0497346036209
150,50,5,0.01,pls,0.9951716947112366,4.1324605079456855
150,50,12,0.01,linreg,0.9982506409546041,1.4972452521052892
150,50,12,0.01,pcr,0.2405092916060213,650.0345713213206
150,50,12,0.01,pls,0.9982442225915196,1.5027386147628925
150,50,25,0.01,linreg,0.9982506409546041,1.4972452521052892
150,50,25,0.01,pcr,0.3692530108825761,539.8451148272255
150,50,25,0.01,pls,0.9982506411000905,1.4972451275860696
100,50,5,0.01,linreg,0.9977234561339723,1.9483506503023347
100,50,5,0.01,pcr,0.08110646731325122,786.4231560328988
100,50,5,0.01,pls,0.9785369991794647,18.368831907946518
100,50,12,0.01,linreg,0.9977234561339723,1.9483506503023347
100,50,12,0.01,pcr,0.24970282329072035,642.1321433670748
100,50,12,0.01,pls,0.9974887115898494,2.1492537350273264
100,50,25,0.01,linreg,0.9977234561339723,1.9483506503023347
100,50,25,0.01,pcr,0.574235260151491,364.3852508790425
100,50,25,0.01,pls,0.9977235708934469,1.948252434888956
50,50,5,0.01,linreg,0.7781424813565596,189.88158092538683
50,50,5,0.01,pcr,0.09418308546457022,775.2631004467821
50,50,5,0.01,pls,0.7672022886967333,199.24498267340113
50,50,12,0.01,linreg,0.7781424813565596,189.88158092538683
50,50,12,0.01,pcr,0.25468187173136614,637.8967246787188
50,50,12,0.01,pls,0.8443718991211232,133.1976937810686
50,50,25,0.01,linreg,0.7781424813565596,189.88158092538683
50,50,25,0.01,pcr,0.500488849540571,427.517478420601
50,50,25,0.01,pls,0.9471483450416115,45.23423798925006
500,50,5,0.1,linreg,0.9993139307798049,1.112664588077605
500,50,5,0.1,pcr,0.18927370782726982,1314.8329780302206
500,50,5,0.1,pls,0.999256532710591,1.205752569812331
500,50,12,0.1,linreg,0.9993139307798049,1.112664588077605
500,50,12,0.1,pcr,0.3287821673422344,1088.5786613077669
500,50,12,0.1,pls,0.9993139300094758,1.112665837394542
500,50,25,0.1,linreg,0.9993139307798049,1.112664588077605
500,50,25,0.1,pcr,0.5394579114001998,746.9054990669031
500,50,25,0.1,pls,0.9993139307798049,1.112664588077539
250,50,5,0.1,linreg,0.9992208362662449,1.2636934621426088
250,50,5,0.1,pcr,0.18551361893319196,1320.9818041683789
250,50,5,0.1,pls,0.9984377199773261,2.5337974101727005
250,50,12,0.1,linreg,0.9992208362662449,1.2636934621426088
250,50,12,0.1,pcr,0.43907750069772733,909.737022436689
250,50,12,0.1,pls,0.9992209511516467,1.2635071342569988
250,50,25,0.1,linreg,0.9992208362662449,1.2636934621426088
250,50,25,0.1,pcr,0.5389535444536858,747.752194278925
250,50,25,0.1,pls,0.9992208362662028,1.2636934622108573
150,50,5,0.1,linreg,0.9990163599364048,1.5951113366433962
150,50,5,0.1,pcr,0.1909080500706588,1312.056909315045
150,50,5,0.1,pls,0.9918952508936763,13.142995754865314
150,50,12,0.1,linreg,0.9990163599364048,1.5951113366433962
150,50,12,0.1,pcr,0.4296967783513863,924.8272491575776
150,50,12,0.1,pls,0.999020543720134,1.5883267402207666
150,50,25,0.1,linreg,0.9990163599364048,1.5951113366433962
150,50,25,0.1,pcr,0.5543038979801296,722.7591995706093
150,50,25,0.1,pls,0.9990163564491984,1.5951169916412316
100,50,5,0.1,linreg,0.9988555301972668,1.8557746780375275
100,50,5,0.1,pcr,0.2849660198488233,1159.4381530486212
100,50,5,0.1,pls,0.9779789806996999,35.707407835904256
100,50,12,0.1,linreg,0.9988555301972668,1.8557746780375275
100,50,12,0.1,pcr,0.4101334341344376,956.477343255356
100,50,12,0.1,pls,0.998685339559449,2.1317413093516935
100,50,25,0.1,linreg,0.9988555301972668,1.8557746780375275
100,50,25,0.1,pcr,0.6970143015308379,491.2957822773113
100,50,25,0.1,pls,0.9988553523769361,1.8560630163284533
50,50,5,0.1,linreg,0.9183081022107014,132.4652256087553
50,50,5,0.1,pcr,0.33329096059440744,1081.0835065681074
50,50,5,0.1,pls,0.862151258135441,223.52479480974804
50,50,12,0.1,linreg,0.9183081022107014,132.4652256087553
50,50,12,0.1,pcr,0.38494722525425307,997.321726790133
50,50,12,0.1,pls,0.9245649197279688,122.31965711975613
50,50,25,0.1,linreg,0.9183081022107014,132.4652256087553
50,50,25,0.1,pcr,0.7177682653858919,457.6450224725423
50,50,25,0.1,pls,0.9668535285572039,53.74773920822454
500,50,5,0.2,linreg,0.9990060999037329,1.1205908124169424
500,50,5,0.2,pcr,0.36280571018170826,718.4163373931958
500,50,5,0.2,pls,0.9989759147908189,1.154623569160025
500,50,12,0.2,linreg,0.9990060999037329,1.1205908124169424
500,50,12,0.2,pcr,0.44117007132755914,630.0630074651854
500,50,12,0.2,pls,0.999006099770939,1.1205909621379384
500,50,25,0.2,linreg,0.9990060999037329,1.1205908124169424
500,50,25,0.2,pcr,0.5699162628693897,484.90576287157637
500,50,25,0.2,pls,0.9990060999037329,1.1205908124169681
250,50,5,0.2,linreg,0.9989281625368127,1.2086480241833255
250,50,5,0.2,pcr,0.35588621274570653,726.3292085341944
250,50,5,0.2,pls,0.9981362150150513,2.1016806343584795
250,50,12,0.2,linreg,0.9989281625368127,1.2086480241833255
250,50,12,0.2,pcr,0.44420408227433683,626.7383450198399
250,50,12,0.2,pls,0.9989278813710644,1.208965078249652
250,50,25,0.2,linreg,0.9989281625368127,1.2086480241833255
250,50,25,0.2,pcr,0.6732887812875121,368.41301273527677
250,50,25,0.2,pls,0.9989281625362575,1.2086480248094158
150,50,5,0.2,linreg,0.9986950959745075,1.4715093010157965
150,50,5,0.2,pcr,0.35504920591066624,727.2957042505788
150,50,5,0.2,pls,0.9911265433059445,10.006386525273722
150,50,12,0.2,linreg,0.9986950959745075,1.4715093010157965
150,50,12,0.2,pcr,0.45828707752766784,610.8768065127493
150,50,12,0.2,pls,0.9986768961484493,1.4920328129356852
150,50,25,0.2,linreg,0.9986950959745075,1.4715093010157965
150,50,25,0.2,pcr,0.61613711613603,432.8730641377179
150,50,25,0.2,pls,0.9986950960471241,1.4715092191277102
100,50,5,0.2,linreg,0.9984394166764481,1.759873091148981
100,50,5,0.2,pcr,0.37454792756996724,705.3236155104861
100,50,5,0.2,pls,0.9621749331672621,42.655407298817366
100,50,12,0.2,linreg,0.9984394166764481,1.759873091148981
100,50,12,0.2,pcr,0.4370700064294242,634.8173358861317
100,50,12,0.2,pls,0.9984173823130479,1.7847212890269752
100,50,25,0.2,linreg,0.9984394166764481,1.759873091148981
100,50,25,0.2,pcr,0.6203027838731371,428.1853479793599
100,50,25,0.2,pls,0.9984397050961359,1.7595478396614759
50,50,5,0.2,linreg,0.9542983117417255,51.531259807042176
50,50,5,0.2,pcr,0.31900372439967617,767.8621368923874
50,50,5,0.2,pls,0.8675578193069592,149.3361117019267
50,50,12,0.2,linreg,0.9542983117417255,51.531259807042176
50,50,12,0.2,pcr,0.4034577574247561,672.6353983751302
50,50,12,0.2,pls,0.9627474059144294,42.00442428868605
50,50,25,0.2,linreg,0.9542983117417255,51.531259807042176
50,50,25,0.2,pcr,0.6301487651039445,417.0283593830546
50,50,25,0.2,pls,0.9863954068577194,15.339954616600673
500,50,5,0.5,linreg,0.9979604184328623,1.0711641899762347
500,50,5,0.5,pcr,0.21277468276155254,413.4414542939438
500,50,5,0.5,pls,0.9978810565296999,1.1128441257462056
500,50,12,0.5,linreg,0.9979604184328623,1.0711641899762347
500,50,12,0.5,pcr,0.275223942684682,380.64383933311984
500,50,12,0.5,pls,0.9979604365720954,1.0711546634649347
500,50,25,0.5,linreg,0.9979604184328623,1.0711641899762347
500,50,25,0.5,pcr,0.5237437858892687,250.1241480256245
500,50,25,0.5,pls,0.9979604184328621,1.0711641899763735
250,50,5,0.5,linreg,0.9976864039096247,1.2153000958276
250,50,5,0.5,pcr,0.17221776574815173,434.82258324850926
250,50,5,0.5,pls,0.9967625245882531,1.700601152683141
250,50,12,0.5,linreg,0.9976864039096247,1.2153000958276
250,50,12,0.5,pcr,0.311901756619831,361.44851065297973
250,50,12,0.5,pls,0.9976859377529562,1.215544961492016
250,50,25,0.5,linreg,0.9976864039096247,1.2153000958276
250,50,25,0.5,pcr,0.4590456674500806,284.15584505920305
250,50,25,0.5,pls,0.997686403909205,1.2153000960480151
150,50,5,0.5,linreg,0.9971283377264157,1.5085474013299354
150,50,5,0.5,pcr,0.16533164480433038,438.4696591187802
150,50,5,0.5,pls,0.9895631842197792,5.482689057219796
150,50,12,0.5,linreg,0.9971283377264157,1.5085474013299354
150,50,12,0.5,pcr,0.24670745465908106,395.72115501482074
150,50,12,0.5,pls,0.9971619602183426,1.4908847662460547
150,50,25,0.5,linreg,0.9971283377264157,1.5085474013299354
150,50,25,0.5,pcr,0.569522475956366,226.13931874949316
150,50,25,0.5,pls,0.9971283373020222,1.5085476242731812
100,50,5,0.5,linreg,0.9966395107980708,1.7651124134761371
100,50,5,0.5,pcr,0.19607799717544805,422.2637304823232
100,50,5,0.5,pls,0.973198370094866,14.077679410422103
100,50,12,0.5,linreg,0.9966395107980708,1.7651124134761371
100,50,12,0.5,pcr,0.2876037872969608,374.18938815027644
100,50,12,0.5,pls,0.9968023124581095,1.6796000925604815
100,50,25,0.5,linreg,0.9966395107980708,1.7651124134761371
100,50,25,0.5,pcr,0.5243715114934264,249.82605174980642
100,50,25,0.5,pls,0.9966392932522065,1.7652266804421977
50,50,5,0.5,linreg,0.7625671144262912,124.72898058966842
50,50,5,0.5,pcr,0.14972328817784364,446.6700020448065
50,50,5,0.5,pls,0.7435465492219566,134.72092295453294
50,50,12,0.5,linreg,0.7625671144262912,124.72898058966842
50,50,12,0.5,pcr,0.3034199187771466,365.92961088796903
50,50,12,0.5,pls,0.8609274336239986,73.05803233681642
50,50,25,0.5,linreg,0.7625671144262912,124.72898058966842
50,50,25,0.5,pcr,0.5274475624448347,248.24271359462145
50,50,25,0.5,pls,0.8923256522943973,56.563822625185885
500,50,5,0.9,linreg,0.992738954531387,1.0981880410509617
500,50,5,0.9,pcr,0.0614204422150586,141.95433018424748
500,50,5,0.9,pls,0.9927980386570555,1.0892519339152096
500,50,12,0.9,linreg,0.992738954531387,1.0981880410509617
500,50,12,0.9,pcr,0.10935851515906181,134.7039943137865
500,50,12,0.9,pls,0.9927389531151944,1.0981882552412934
500,50,25,0.9,linreg,0.992738954531387,1.0981880410509617
500,50,25,0.9,pcr,0.3675649614705986,95.65187259284065
500,50,25,0.9,pls,0.9927389545313872,1.0981880410509448
250,50,5,0.9,linreg,0.9918797946518311,1.2279120670193313
250,50,5,0.9,pcr,0.049649970720511916,143.70896040302776
250,50,5,0.9,pls,0.9912866022079723,1.3176127739162544
250,50,12,0.9,linreg,0.9918797946518311,1.2279120670193313
250,50,12,0.9,pcr,0.1776930905388162,124.34668011794207
250,50,12,0.9,pls,0.9918796368204112,1.2279359337932265
250,50,25,0.9,linreg,0.9918797946518311,1.2279120670193313
250,50,25,0.9,pcr,0.47857368724603877,78.84845690957366
250,50,25,0.9,pls,0.991879794651555,1.2279120670610886
150,50,5,0.9,linreg,0.98862176482897,1.7204512202191526
150,50,5,0.9,pcr,0.08835533835061082,137.84564538922106
150,50,5,0.9,pls,0.9859340481278845,2.1268486455210307
150,50,12,0.9,linreg,0.98862176482897,1.7204512202191526
150,50,12,0.9,pcr,0.13817096508732785,130.31325090827556
150,50,12,0.9,pls,0.9885261700015678,1.734905679542459
150,50,25,0.9,linreg,0.98862176482897,1.7204512202191526
150,50,25,0.9,pcr,0.5532863167858798,67.54554549295287
150,50,25,0.9,pls,0.9886217653101884,1.7204511474562962
100,50,5,0.9,linreg,0.9875558905643201,1.8815803765172188
100,50,5,0.9,pcr,0.06756153537303011,140.9870209210435
100,50,5,0.9,pls,0.9456990279622225,8.210442373573553
100,50,12,0.9,linreg,0.9875558905643201,1.8815803765172188
100,50,12,0.9,pcr,0.14943606823934308,128.60738739451205
100,50,12,0.9,pls,0.9870380067778365,1.9598856963957236
100,50,25,0.9,linreg,0.9875558905643201,1.8815803765172188
100,50,25,0.9,pcr,0.49860998808790447,75.81142003545808
100,50,25,0.9,pls,0.9875540963082925,1.8818516725026369
50,50,5,0.9,linreg,0.29247012598618205,106.98674297720152
50,50,5,0.9,pcr,0.07478017401102555,139.90399466660588
50,50,5,0.9,pls,0.7307952817784685,40.706883277206266
50,50,12,0.9,linreg,0.29247012598618205,106.98674297720152
50,50,12,0.9,pcr,0.14850981402141072,128.75521588664637
50,50,12,0.9,pls,0.8789881198343368,18.2984032137403
50,50,25,0.9,linreg,0.29247012598618205,106.98674297720152
50,50,25,0.9,pcr,0.2831667432499926,108.39352261177535
50,50,25,0.9,pls,0.862326709772692,20.817802127302134
500,50,5,0.99,linreg,0.9989582624984656,1.141736692837465
500,50,5,0.99,pcr,0.9875022573432601,13.697434668352841
500,50,5,0.99,pls,0.9989527408548434,1.147788373917378
500,50,12,0.99,linreg,0.9989582624984656,1.141736692837465
500,50,12,0.99,pcr,0.9899051508988571,11.063880882138093
500,50,12,0.99,pls,0.9989582629267989,1.1417362233874073
500,50,25,0.99,linreg,0.9989582624984656,1.141736692837465
500,50,25,0.99,pcr,0.9928588533317579,7.826644589502809
500,50,25,0.99,pls,0.9989582624984656,1.1417366928374284
250,50,5,0.99,linreg,0.998752320337356,1.3669427247289223
250,50,5,0.99,pcr,0.9877596049364961,13.410428558566561
250,50,5,0.99,pls,0.9987668975662195,1.3509720893660337
250,50,12,0.99,linreg,0.998752320337356,1.3669427247289223
250,50,12,0.99,pcr,0.9890873964879578,11.955716218877612
250,50,12,0.99,pls,0.9987522504230733,1.3670193219700835
250,50,25,0.99,linreg,0.998752320337356,1.3669427247289223
250,50,25,0.99,pcr,0.9913012658682666,9.530227743334093
250,50,25,0.99,pls,0.9987523203372887,1.3669427248026687
150,50,5,0.99,linreg,0.9985924810807623,1.5422492735537556
150,50,5,0.99,pcr,0.9871812745764598,14.045757895067524
150,50,5,0.99,pls,0.998563983096257,1.5734751386559986
150,50,12,0.99,linreg,0.9985924810807623,1.5422492735537556
150,50,12,0.99,pcr,0.988285489412863,12.835845540772183
150,50,12,0.99,pls,0.9985912479073489,1.5436004886421906
150,50,25,0.99,linreg,0.9985924810807623,1.5422492735537556
150,50,25,0.99,pcr,0.9904071028338782,10.51114729863791
150,50,25,0.99,pls,0.9985924810385669,1.5422493197881777
100,50,5,0.99,linreg,0.9978933070906822,2.3080927787729566
100,50,5,0.99,pcr,0.9882289092036884,12.896407229113805
100,50,5,0.99,pls,0.997685720154123,2.5355250291597975
100,50,12,0.99,linreg,0.9978933070906822,2.3080927787729566
100,50,12,0.99,pcr,0.98924133002945,11.787198959277907
100,50,12,0.99,pls,0.9978860562562423,2.316036793079537
100,50,25,0.99,linreg,0.9978933070906822,2.3080927787729566
100,50,25,0.99,pcr,0.9917211408213633,9.070318223493832
100,50,25,0.99,pls,0.99789328366815,2.308118440499592
50,50,5,0.99,linreg,0.9631330563011863,40.39674973275499
50,50,5,0.99,pcr,0.986838562382894,14.421572503679075
50,50,5,0.99,pls,0.9944419317103025,6.090222599702447
50,50,12,0.99,linreg,0.9631330563011863,40.39674973275499
50,50,12,0.99,pcr,0.9881391059133531,12.996509120456556
50,50,12,0.99,pls,0.9939430702670183,6.636847268139997
50,50,25,0.99,linreg,0.9631330563011863,40.39674973275499
50,50,25,0.99,pcr,0.9935735523594689,7.041744472394174
50,50,25,0.99,pls,0.9861618861297886,15.163036766898657
100,10,1,0.01,linreg,0.993586930992194,1.1226693703344806
100,10,1,0.01,pcr,0.05799758511857611,164.9065769729325
100,10,1,0.01,pls,0.8775380538903875,21.43814073440775
100,10,2,0.01,linreg,0.993586930992194,1.1226693703344806
100,10,2,0.01,pcr,0.07047632058416109,162.7220543877761
100,10,2,0.01,pls,0.9855429992221482,2.5308369425684134
100,10,5,0.01,linreg,0.993586930992194,1.1226693703344806
100,10,5,0.01,pcr,0.42024338776879766,101.49196741975007
100,10,5,0.01,pls,0.9935607883991526,1.127245882521223
50,10,1,0.01,linreg,0.9923342472166679,1.3419396312775074
50,10,1,0.01,pcr,0.15293725744195608,148.28381459011132
50,10,1,0.01,pls,0.726693178039896,47.84412780493362
50,10,2,0.01,linreg,0.9923342472166679,1.3419396312775074
50,10,2,0.01,pcr,0.22274449223433967,136.06360640371142
50,10,2,0.01,pls,0.9476454401425918,9.165004499428608
50,10,5,0.01,linreg,0.9923342472166679,1.3419396312775074
50,10,5,0.01,pcr,0.37195655955835516,109.94306843876203
50,10,5,0.01,pls,0.9921198791304712,1.3794661519832003
30,10,1,0.01,linreg,0.9890141578522775,1.9233387519510399
30,10,1,0.01,pcr,-0.041654456481718505,182.36693694976674
30,10,1,0.01,pls,0.6991922926313349,52.66370230776045
30,10,2,0.01,linreg,0.9890141578522775,1.9233387519510399
30,10,2,0.01,pcr,-0.041325004870240045,182.30925843566388
30,10,2,0.01,pls,0.8706711685391507,22.64215614501299
30,10,5,0.01,linreg,0.9890141578522775,1.9233387519510399
30,10,5,0.01,pcr,0.008326685100338516,173.6165229916114
30,10,5,0.01,pls,0.9840950647740445,2.7845455865842133
20,10,1,0.01,linreg,0.9889253761811824,1.9387591943167963
20,10,1,0.01,pcr,-0.030201089794388514,180.35030963672867
20,10,1,0.01,pls,0.6692520010176666,57.901806374615205
20,10,2,0.01,linreg,0.9889253761811824,1.9387591943167963
20,10,2,0.01,pcr,0.012505753249546503,172.87391260814653
20,10,2,0.01,pls,0.8026265835947375,34.55282382767866
20,10,5,0.01,linreg,0.9889253761811824,1.9387591943167963
20,10,5,0.01,pcr,0.22497370296363228,135.67859132726528
20,10,5,0.01,pls,0.97610330781678,4.183431639931082
10,10,1,0.01,linreg,0.7871821620417341,37.25541432029117
10,10,1,0.01,pcr,-0.07970014268870873,189.00989007055645
10,10,1,0.01,pls,0.7412706180178328,45.292586444134265
10,10,2,0.01,linreg,0.7871821620417341,37.25541432029117
10,10,2,0.01,pcr,0.1150830976849444,154.9115720329849
10,10,2,0.01,pls,0.8287316269617943,29.981857999853407
10,10,5,0.01,linreg,0.7871821620417341,37.25541432029117
10,10,5,0.01,pcr,0.31372427501544975,120.13789218773786
10,10,5,0.01,pls,0.9451390236438542,9.603839714623534
100,10,1,0.1,linreg,0.9957518428353316,1.1460909692161625
100,10,1,0.1,pcr,0.44014829833007196,151.0398402207636
100,10,1,0.1,pls,0.759157722926677,64.97574078823868
100,10,2,0.1,linreg,0.9957518428353316,1.1460909692161625
100,10,2,0.1,pcr,0.4420983505905105,150.5137445047727
100,10,2,0.1,pls,0.984078966954731,4.29526297791746
100,10,5,0.1,linreg,0.9957518428353316,1.1460909692161625
100,10,5,0.1,pcr,0.6217984747727092,102.03326661541064
100,10,5,0.1,pls,0.995752482118161,1.145918500013818
50,10,1,0.1,linreg,0.995326447560549,1.260730077367969
50,10,1,0.1,pcr,0.48585862537863655,138.69395998060145
50,10,1,0.1,pls,0.6330936573716281,98.97607178298811
50,10,2,0.1,linreg,0.995326447560549,1.260730077367969
50,10,2,0.1,pcr,0.488068943442314,138.09770809308537
50,10,2,0.1,pls,0.9399648184830178,16.19499513898583
50,10,5,0.1,linreg,0.995326447560549,1.260730077367969
50,10,5,0.1,pcr,0.5712794435496532,115.65097584876389
50,10,5,0.1,pls,0.995394014270251,1.2425033891572974
30,10,1,0.1,linreg,0.9945791777545979,1.462235571049058
30,10,1,0.1,pcr,0.5334129420558102,125.8591708473398
30,10,1,0.1,pls,0.5350512156112462,125.41725599394292
30,10,2,0.1,linreg,0.9945791777545979,1.462235571049058
30,10,2,0.1,pcr,0.5339367587063887,125.71787432358215
30,10,2,0.1,pls,0.8669445835174215,35.8909320567736
30,10,5,0.1,linreg,0.9945791777545979,1.462235571049058
30,10,5,0.1,pcr,0.6240083691952134,101.42157630160824
30,10,5,0.1,pls,0.9942252151935471,1.5577149326951656
20,10,1,0.1,linreg,0.990728823694047,2.500909707356078
20,10,1,0.1,pcr,0.5302966585756597,126.70297785098373
20,10,1,0.1,pls,0.48831941555653513,138.0263839744512
20,10,2,0.1,linreg,0.990728823694047,2.500909707356078
20,10,2,0.1,pcr,0.5403942299604042,123.97914718878246
20,10,2,0.1,pls,0.7099166022115131,78.25030627518571
20,10,5,0.1,linreg,0.990728823694047,2.500909707356078
20,10,5,0.1,pcr,0.6378337101445999,97.69474337306428
20,10,5,0.1,pls,0.892000971661198,29.132853204841805
10,10,1,0.1,linreg,0.7516107666854698,67.0109305893311
10,10,1,0.1,pcr,0.4461705866765848,149.41317656691814
10,10,1,0.1,pls,0.381300269823578,166.91401684867148
10,10,2,0.1,linreg,0.7516107666854698,67.0109305893311
10,10,2,0.1,pcr,0.5401855121159307,124.04964708172687
10,10,2,0.1,pls,0.5806895362170484,113.12239266167862
10,10,5,0.1,linreg,0.7516107666854698,67.0109305893311
10,10,5,0.1,pcr,0.5574829498384788,119.38311068185328
10,10,5,0.1,pls,0.7129220747112819,77.44844117656093
100,10,1,0.2,linreg,0.9954548979458235,1.2108327488036488
100,10,1,0.2,pcr,-0.0028584351372771266,267.1653620103843
100,10,1,0.2,pls,0.917250466960502,22.044795333113477
100,10,2,0.2,linreg,0.9954548979458235,1.2108327488036488
100,10,2,0.2,pcr,0.061093472743510624,250.1283266506661
100,10,2,0.2,pls,0.9878331916167824,3.2412847639540905
100,10,5,0.2,linreg,0.9954548979458235,1.2108327488036488
100,10,5,0.2,pcr,0.22484882100694203,206.5032691479614
100,10,5,0.2,pls,0.9954808193785923,1.2039271789576362
50,10,1,0.2,linreg,0.9947049120807316,1.4105585011778028
50,10,1,0.2,pcr,-0.00460770739909111,267.6174529348204
50,10,1,0.2,pls,0.8018671753771048,52.78060428745686
50,10,2,0.2,linreg,0.9947049120807316,1.4105585011778028
50,10,2,0.2,pcr,0.09510824006518193,241.05412111800612
50,10,2,0.2,pls,0.9639295815681395,9.608798972903895
50,10,5,0.2,linreg,0.9947049120807316,1.4105585011778028
50,10,5,0.2,pcr,0.2720044642841106,193.9307349339401
50,10,5,0.2,pls,0.9947276868969445,1.4044915177562856
30,10,1,0.2,linreg,0.9939913591330474,1.6006624949058366
30,10,1,0.2,pcr,-0.017724948733245594,271.1152474641818
30,10,1,0.2,pls,0.6440868256262464,94.81293395254524
30,10,2,0.2,linreg,0.9939913591330474,1.6006624949058366
30,10,2,0.2,pcr,0.08130751683546311,244.73364854291378
30,10,2,0.2,pls,0.8603397841044228,37.20456498640375
30,10,5,0.2,linreg,0.9939913591330474,1.6006624949058366
30,10,5,0.2,pcr,0.42483266871514536,153.22080248568096
30,10,5,0.2,pls,0.9914211397890794,2.2853520609270217
20,10,1,0.2,linreg,0.9913032251595053,2.3166989314923527
20,10,1,0.2,pcr,-0.029286255257517047,274.1874328689906
20,10,1,0.2,pls,0.5846980799504315,110.63061101060237
20,10,2,0.2,linreg,0.9913032251595053,2.3166989314923527
20,10,2,0.2,pcr,0.007569265552531457,264.3696386583523
20,10,2,0.2,pls,0.7802903486582738,58.52757186858288
20,10,5,0.2,linreg,0.9913032251595053,2.3166989314923527
20,10,5,0.2,pcr,0.17862361896570222,218.80315624993014
20,10,5,0.2,pls,0.9409350294351625,15.734080358047233
10,10,1,0.2,linreg,0.8758559724760566,33.06835025161565
10,10,1,0.2,pcr,-0.3107416688863385,349.1433737137372
10,10,1,0.2,pls,0.5439730210580643,121.47229443582872
10,10,2,0.2,linreg,0.8758559724760566,33.06835025161565
10,10,2,0.2,pcr,-0.100659411070805,293.1835839304195
10,10,2,0.2,pls,0.7239290092175817,73.53726473666103
10,10,5,0.2,linreg,0.8758559724760566,33.06835025161565
10,10,5,0.2,pcr,0.38977894048131945,162.54510289013973
10,10,5,0.2,pls,0.8273362180125918,45.99259853581757
100,10,1,0.5,linreg,0.9990419928360817,1.1041393980223042
100,10,1,0.5,pcr,0.8960898113242458,119.76041254595687
100,10,1,0.5,pls,0.9144492051811943,98.60051850262234
100,10,2,0.5,linreg,0.9990419928360817,1.1041393980223042
100,10,2,0.5,pcr,0.8969380761716048,118.78275530788812
100,10,2,0.5,pls,0.9932480698811169,7.781854184118045
100,10,5,0.5,linreg,0.9990419928360817,1.1041393980223042
100,10,5,0.5,pcr,0.950371437016908,57.19879111628392
100,10,5,0.5,pls,0.9990436951011598,1.1021774733005643
50,10,1,0.5,linreg,0.9986512387458452,1.5544194576819992
50,10,1,0.5,pcr,0.8835309142148862,134.22821318829796
50,10,1,0.5,pls,0.9083703757534446,105.6012473595141
50,10,2,0.5,linreg,0.9986512387458452,1.5544194576819992
50,10,2,0.5,pcr,0.8866218070095788,130.6660231514187
50,10,2,0.5,pls,0.9921778753948307,9.014836872895708
50,10,5,0.5,linreg,0.9986512387458452,1.5544194576819992
50,10,5,0.5,pcr,0.9083616938355104,105.61125309042122
50,10,5,0.5,pls,0.9986511011299045,1.554578057208199
30,10,1,0.5,linreg,0.99860642805714,1.605891608099227
30,10,1,0.5,pcr,0.8917886517417812,124.69804444565005
30,10,1,0.5,pls,0.9052122135662481,109.22931647996569
30,10,2,0.5,linreg,0.99860642805714,1.605891608099227
30,10,2,0.5,pcr,0.8918556163107669,124.62087739308052
30,10,2,0.5,pls,0.969607470054303,35.02302772293955
30,10,5,0.5,linreg,0.99860642805714,1.605891608099227
30,10,5,0.5,pcr,0.9532508631891383,53.87166904090246
30,10,5,0.5,pls,0.9983999224802689,1.8438596402643594
20,10,1,0.5,linreg,0.9977705397610914,2.5691096260637667
20,10,1,0.5,pcr,0.8899708474672894,126.79165566003
20,10,1,0.5,pls,0.9006695150034291,114.46308873900342
20,10,2,0.5,linreg,0.9977705397610914,2.5691096260637667
20,10,2,0.5,pcr,0.8910364699443916,125.56368984306022
20,10,2,0.5,pls,0.9604647709144307,45.55826376257565
20,10,5,0.5,linreg,0.9977705397610914,2.5691096260637667
20,10,5,0.5,pcr,0.9570692718195185,49.471053619864286
20,10,5,0.5,pls,0.9900776126351152,11.43402355771028
10,10,1,0.5,linreg,0.9925414425022668,8.59470911829186
10,10,1,0.5,pcr,0.9201034300527325,92.0671025804557
10,10,1,0.5,pls,0.9008046740705546,114.3056110403189
10,10,2,0.5,linreg,0.9925414425022668,8.59470911829186
10,10,2,0.5,pcr,0.933967605302829,76.09101692638451
10,10,2,0.5,pls,0.9435804292291262,65.01388499075328
10,10,5,0.5,linreg,0.9925414425022668,8.59470911829186
10,10,5,0.5,pcr,0.9555225747848536,51.25260912327165
10,10,5,0.5,pls,0.9811954612544086,21.669007803603836
100,10,1,0.9,linreg,0.9973668569091482,1.0906037307200758
100,10,1,0.9,pcr,0.9605223712657451,16.35097208622724
100,10,1,0.9,pls,0.9601624656070736,16.500038977205584
100,10,2,0.9,linreg,0.9973668569091482,1.0906037307200758
100,10,2,0.9,pcr,0.9633922797821672,15.162304084966932
100,10,2,0.9,pls,0.9944029860422245,2.3181893625338517
100,10,5,0.9,linreg,0.9973668569091482,1.0906037307200758
100,10,5,0.9,pcr,0.9823254692853408,7.320494356384598
100,10,5,0.9,pls,0.997367817481585,1.090205877718163
50,10,1,0.9,linreg,0.9963623186641783,1.5065389677832168
50,10,1,0.9,pcr,0.9588919464106525,17.024824030685327
50,10,1,0.9,pls,0.9583563761737287,17.246629449418723
50,10,2,0.9,linreg,0.9963623186641783,1.5065389677832168
50,10,2,0.9,pcr,0.9697682380003286,12.520428072890768
50,10,2,0.9,pls,0.9894039333931287,4.388341301718842
50,10,5,0.9,linreg,0.9963623186641783,1.5065389677832168
50,10,5,0.9,pcr,0.9707001399569031,12.134482608699729
50,10,5,0.9,pls,0.996352374176373,1.5106574589346526
30,10,1,0.9,linreg,0.9957455628499532,1.7620838727881305
30,10,1,0.9,pcr,0.9576948569059186,17.521756169615717
30,10,1,0.9,pls,0.9547242528234664,18.752107767610315
30,10,2,0.9,linreg,0.9957455628499532,1.7620838727881305
30,10,2,0.9,pcr,0.9575675353244785,17.57448965642046
30,10,2,0.9,pls,0.9868651548948534,5.440131776560475
30,10,5,0.9,linreg,0.9957455628499532,1.7620838727881305
30,10,5,0.9,pcr,0.9721436829474416,11.537405607941835
30,10,5,0.9,pls,0.9953116367026703,1.941805476173409
20,10,1,0.9,linreg,0.9920222716166788,3.304249790901527
20,10,1,0.9,pcr,0.9609881789286436,16.1580835325522
20,10,1,0.9,pls,0.9596146683009881,16.72697006091787
20,10,2,0.9,linreg,0.9920222716166788,3.304249790901527
20,10,2,0.9,pcr,0.9633482108971634,15.180595360003517
20,10,2,0.9,pls,0.9863094606319128,5.670406370177593
20,10,5,0.9,linreg,0.9920222716166788,3.304249790901527
20,10,5,0.9,pcr,0.9698749060989327,12.477340721651702
20,10,5,0.9,pls,0.9929995855998548,2.899461689653842
10,10,1,0.9,linreg,0.9766105188359462,9.687107674868171
10,10,1,0.9,pcr,0.9586858856755066,17.110865826654212
10,10,1,0.9,pls,0.9559216492636116,18.255716179383388
10,10,2,0.9,linreg,0.9766105188359462,9.687107674868171
10,10,2,0.9,pcr,0.9638450462361199,14.974121385336666
10,10,2,0.9,pls,0.9851985649723595,6.130238368676512
10,10,5,0.9,linreg,0.9766105188359462,9.687107674868171
10,10,5,0.9,pcr,0.9880104361492005,4.965659356989
10,10,5,0.9,pls,0.9882564590777329,4.863765237044081
100,10,1,0.99,linreg,0.994265600006217,1.0865661007768217
100,10,1,0.99,pcr,0.980909347886368,3.617336678795477
100,10,1,0.99,pls,0.9809432930335242,3.610904681336991
100,10,2,0.99,linreg,0.994265600006217,1.0865661007768217
100,10,2,0.99,pcr,0.9809221098139729,3.6149185220691966
100,10,2,0.99,pls,0.9938223592540057,1.1705522852699854
100,10,5,0.99,linreg,0.994265600006217,1.0865661007768217
100,10,5,0.99,pcr,0.9817137883970958,3.464909608832434
100,10,5,0.99,pls,0.9942563281426349,1.0883229528747287
50,10,1,0.99,linreg,0.9942101525445223,1.097064182828301
50,10,1,0.99,pcr,0.980497748700957,3.695299668811664
50,10,1,0.99,pls,0.9805845479805999,3.678852883032963
50,10,2,0.99,linreg,0.9942101525445223,1.097064182828301
50,10,2,0.99,pcr,0.9806652562905144,3.6635602182875413
50,10,2,0.99,pls,0.9925420463711854,1.4131380604209511
50,10,5,0.99,linreg,0.9942101525445223,1.097064182828301
50,10,5,0.99,pcr,0.981247041684512,3.5533231312562408
50,10,5,0.99,pls,0.9942066566330175,1.097726590487177
30,10,1,0.99,linreg,0.994019089341437,1.1332625412892803
30,10,1,0.99,pcr,0.9805152887620449,3.6919617487010097
30,10,1,0.99,pls,0.9806075960710461,3.6744713661238038
30,10,2,0.99,linreg,0.994019089341437,1.1332625412892803
30,10,2,0.99,pcr,0.9805558375971367,3.6842785582094812
30,10,2,0.99,pls,0.9931982071319032,1.2888032460385714
30,10,5,0.99,linreg,0.994019089341437,1.1332625412892803
30,10,5,0.99,pcr,0.9870443930712648,2.4548275120917857
30,10,5,0.99,pls,0.9940281586152114,1.1315440959166523
20,10,1,0.99,linreg,0.9918269234608528,1.548656916792261
20,10,1,0.99,pcr,0.9793865491543495,3.90589309645749
20,10,1,0.99,pls,0.9794372460865535,3.8962869029584306
20,10,2,0.99,linreg,0.9918269234608528,1.548656916792261
20,10,2,0.99,pcr,0.9797067360771305,3.8452232018032415
20,10,2,0.99,pls,0.9877859122033081,2.3143587923169555
20,10,5,0.99,linreg,0.9918269234608528,1.548656916792261
20,10,5,0.99,pcr,0.9811060583571918,3.580075785471258
20,10,5,0.99,pls,0.9918779978339727,1.5389792047551671
10,10,1,0.99,linreg,-0.2904036331913178,244.54640501140113
10,10,1,0.99,pcr,0.9795456944811367,3.8763273389677986
10,10,1,0.99,pls,0.9793623723812587,3.911068996020831
10,10,2,0.99,linreg,-0.2904036331913178,244.54640501140113
10,10,2,0.99,pcr,0.9803328495394682,3.7271523562335687
10,10,2,0.99,pls,0.9881446622032274,2.246723555192209
10,10,5,0.99,linreg,-0.2904036331913178,244.54640501140113
10,10,5,0.99,pcr,0.9804735311186973,3.7004915707499433
10,10,5,0.99,pls,0.9799360284993703,3.802354530415946
50,5,1,0.01,linreg,0.9928492547293901,1.0686867613484914
50,5,1,0.01,pcr,-0.022744422276069765,152.850281049967
50,5,1,0.01,pls,0.9535282326597885,6.9452568443562095
50,5,2,0.01,linreg,0.9928492547293901,1.0686867613484914
50,5,2,0.01,pcr,-0.023532611870890507,152.96807685355682
50,5,2,0.01,pls,0.9873066352982864,1.897037343707876
25,5,1,0.01,linreg,0.9917393350697501,1.2344653094637041
25,5,1,0.01,pcr,-0.08319392041611451,161.87139043481667
25,5,1,0.01,pls,0.9837892414608908,2.422519158638415
25,5,2,0.01,linreg,0.9917393350697501,1.2344653094637041
25,5,2,0.01,pcr,0.5898348726923015,61.29465667575494
25,5,2,0.01,pls,0.9893930654445494,1.5850894400167128
15,5,1,0.01,linreg,0.9917939309944062,1.2263952920806016
15,5,1,0.01,pcr,-0.06666407371611816,159.4127221383636
15,5,1,0.01,pls,0.981553346118048,2.7568485544107597
15,5,2,0.01,linreg,0.9917939309944062,1.2263952920806016
15,5,2,0.01,pcr,0.022684793125060998,146.0595527253275
15,5,2,0.01,pls,0.985129942564435,2.2223269655073374
10,5,1,0.01,linreg,0.9919234227868144,1.207012562117575
10,5,1,0.01,pcr,-0.07495692465998749,160.64806632216104
10,5,1,0.01,pls,0.9394346814704728,9.051247621881991
10,5,2,0.01,linreg,0.9919234227868144,1.207012562117575
10,5,2,0.01,pcr,0.5603159924411552,65.70903818257531
10,5,2,0.01,pls,0.985397687541876,2.1822579178897104
5,5,1,0.01,linreg,0.9593600096386482,6.073544692801072
5,5,1,0.01,pcr,-0.06428576248505569,159.05483950389993
5,5,1,0.01,pls,0.34206870646932663,98.32618267181222
5,5,2,0.01,linreg,0.9593600096386482,6.073544692801072
5,5,2,0.01,pcr,0.2885682363710652,106.32169382568961
5,5,2,0.01,pls,0.850738664341008,22.306732481270107
50,5,1,0.1,linreg,0.9959148934306662,1.1396837312351604
50,5,1,0.1,pcr,0.3792987720259694,173.16637386893373
50,5,1,0.1,pls,0.7241809484954576,76.94939665079671
50,5,2,0.1,linreg,0.9959148934306662,1.1396837312351604
50,5,2,0.1,pcr,0.40340295663872294,166.4416663021678
50,5,2,0.1,pls,0.9702194345648361,8.30833305261255
25,5,1,0.1,linreg,0.995908603807212,1.1415661332129283
25,5,1,0.1,pcr,0.42438634816324194,160.60557809340185
25,5,1,0.1,pls,0.8672161241580227,37.04886267556972
25,5,2,0.1,linreg,0.995908603807212,1.1415661332129283
25,5,2,0.1,pcr,0.4231510529315946,160.95024556986226
25,5,2,0.1,pls,0.9828252109307138,4.792045703403869
15,5,1,0.1,linreg,0.9954874775878321,1.2590347990801543
15,5,1,0.1,pcr,0.33418811497683376,185.7675721731416
15,5,1,0.1,pls,0.8051713491746568,54.35896574951265
15,5,2,0.1,linreg,0.9954874775878321,1.2590347990801543
15,5,2,0.1,pcr,0.33506208496182777,185.52372659766215
15,5,2,0.1,pls,0.9855106886618853,4.042649658692534
10,5,1,0.1,linreg,0.9947448755146099,1.4661676249576874
10,5,1,0.1,pcr,0.3672473582935386,176.53652933543907
10,5,1,0.1,pls,0.8249618986186308,48.83522704227075
10,5,2,0.1,linreg,0.9947448755146099,1.4661676249576874
10,5,2,0.1,pcr,0.3634711180055382,177.59009167629694
10,5,2,0.1,pls,0.975864321777112,6.733798621740417
5,5,1,0.1,linreg,0.8616394391720543,38.60154763019971
5,5,1,0.1,pcr,0.4782118396787163,145.5749413198976
5,5,1,0.1,pls,-1.86535591524194,799.4125795516876
5,5,2,0.1,linreg,0.8616394391720543,38.60154763019971
5,5,2,0.1,pcr,0.5241179067051408,132.76749660999042
5,5,2,0.1,pls,-0.7134630162802318,478.0431926535513
50,5,1,0.2,linreg,0.983949210118099,1.074614874383863
50,5,1,0.2,pcr,0.17107411397008032,55.497336482737396
50,5,1,0.2,pls,0.9091578013560806,6.081967217985146
50,5,2,0.2,linreg,0.983949210118099,1.074614874383863
50,5,2,0.2,pcr,0.2622058736934364,49.3959828890477
50,5,2,0.2,pls,0.9805784486122315,1.3002904005640616
25,5,1,0.2,linreg,0.9839515232962024,1.0743810762904764
25,5,1,0.2,pcr,0.5011101216380709,33.39867417685063
25,5,1,0.2,pls,0.7942728738959475,13.7726050419175
25,5,2,0.2,linreg,0.9839515232962024,1.0743810762904764
25,5,2,0.2,pcr,0.5700682109432491,28.78220698348139
25,5,2,0.2,pls,0.9693454843033484,2.052196739615691
15,5,1,0.2,linreg,0.9749839911152176,1.6746772584791132
15,5,1,0.2,pcr,0.5456831506714703,30.41388813133971
15,5,1,0.2,pls,0.684688768514365,21.108265157087253
15,5,2,0.2,linreg,0.9749839911152176,1.6746772584791132
15,5,2,0.2,pcr,0.9288450050331976,4.763415796937451
15,5,2,0.2,pls,0.8812863759867221,7.947191229517595
10,5,1,0.2,linreg,0.972669718790486,1.8296349050121425
10,5,1,0.2,pcr,0.6859797788029212,21.02218975272766
10,5,1,0.2,pls,0.7902222464563264,14.04364255296903
10,5,2,0.2,linreg,0.972669718790486,1.8296349050121425
10,5,2,0.2,pcr,0.9717294817457628,1.8925793914893696
10,5,2,0.2,pls,0.9597776433457662,2.6926992493152753
5,5,1,0.2,linreg,0.9546541418955548,3.0356924078579843
5,5,1,0.2,pcr,0.8582043505917085,9.492553330550969
5,5,1,0.2,pls,0.23309873542567772,51.34044086414009
5,5,2,0.2,linreg,0.9546541418955548,3.0356924078579843
5,5,2,0.2,pcr,0.878842884986138,8.11090030225942
5,5,2,0.2,pls,0.5395239008313006,30.826713986242762
50,5,1,0.5,linreg,0.9701157010640631,1.09971530271288
50,5,1,0.5,pcr,-0.010332253873142738,37.17931756707795
50,5,1,0.5,pls,0.9179412303988438,3.0196888622226834
50,5,2,0.5,linreg,0.9701157010640631,1.09971530271288
50,5,2,0.5,pcr,0.016510821953005017,36.19151653747446
50,5,2,0.5,pls,0.9525960785501001,1.7444216422412044
25,5,1,0.5,linreg,0.965971975731354,1.2521888913569355
25,5,1,0.5,pcr,-0.009559483874653774,37.15053101207229
25,5,1,0.5,pls,0.4603648383785719,19.857901517678798
25,5,2,0.5,linreg,0.965971975731354,1.2521888913569355
25,5,2,0.5,pcr,0.021050681256982173,36.024115078022504
25,5,2,0.5,pls,0.9194594833279754,2.963790653393412
15,5,1,0.5,linreg,0.9470676253222706,1.9477565559345142
15,5,1,0.5,pcr,-0.0198783563213496,37.52854027190296
15,5,1,0.5,pls,0.774501004632188,8.29770342363078
15,5,2,0.5,linreg,0.9470676253222706,1.9477565559345142
15,5,2,0.5,pcr,0.1256519089695235,32.17345219899911
15,5,2,0.5,pls,0.7840298463641717,7.947069920657738
10,5,1,0.5,linreg,0.905415539788289,3.480376737180926
10,5,1,0.5,pcr,-0.1482378432076683,42.25112951224485
10,5,1,0.5,pls,0.7022323063414436,10.956807828406271
10,5,2,0.5,linreg,0.905415539788289,3.480376737180926
10,5,2,0.5,pcr,0.6317748035257333,13.549397067809638
10,5,2,0.5,pls,0.7225511593913316,10.209145227988195
5,5,1,0.5,linreg,0.9448249294207449,2.0302586680692456
5,5,1,0.5,pcr,-0.1774601281902437,43.32660758685057
5,5,1,0.5,pls,0.3166046781997687,25.14666970493297
5,5,2,0.5,linreg,0.9448249294207449,2.0302586680692456
5,5,2,0.5,pcr,0.5536308568397414,16.42489647127866
5,5,2,0.5,pls,0.654545516991293,12.711573382481696
50,5,1,0.9,linreg,0.9739559469394831,1.1775164582342288
50,5,1,0.9,pcr,0.6891210172187956,14.055612538239759
50,5,1,0.9,pls,0.723788863622769,12.48819291974338
50,5,2,0.9,linreg,0.9739559469394831,1.1775164582342288
50,5,2,0.9,pcr,0.9388854743411903,2.7631398090462245
50,5,2,0.9,pls,0.970600760922256,1.3292127685797017
25,5,1,0.9,linreg,0.9752853048283724,1.1172688881061181
25,5,1,0.9,pcr,0.7140203678711865,12.928184765813333
25,5,1,0.9,pls,0.7373834804816726,11.872016414646218
25,5,2,0.9,linreg,0.9752853048283724,1.1172688881061181
25,5,2,0.9,pcr,0.9399067920543475,2.716613381549847
25,5,2,0.9,pls,0.9726205174686767,1.2377350314160454
15,5,1,0.9,linreg,0.9738219540401903,1.18345538602241
15,5,1,0.9,pcr,0.6323327932321532,16.621474986377763
15,5,1,0.9,pls,0.6672851853426728,15.04134953465125
15,5,2,0.9,linreg,0.9738219540401903,1.18345538602241
15,5,2,0.9,pcr,0.7557121324955391,11.04374990333256
15,5,2,0.9,pls,0.9444377405527729,2.511854983498303
10,5,1,0.9,linreg,0.9761859802936933,1.0766184822983227
10,5,1,0.9,pcr,0.6440794792119212,16.09096723843765
10,5,1,0.9,pls,0.6916737223573564,13.939258184136095
10,5,2,0.9,linreg,0.9761859802936933,1.0766184822983227
10,5,2,0.9,pcr,0.751305141524885,11.24335514915047
10,5,2,0.9,pls,0.9544781135062337,2.0580189717108457
5,5,1,0.9,linreg,0.5511517119681109,20.29192246463181
5,5,1,0.9,pcr,0.003967853880325278,45.02948461709474
5,5,1,0.9,pls,0.19651601437677524,36.324600477659516
5,5,2,0.9,linreg,0.5511517119681109,20.29192246463181
5,5,2,0.9,pcr,0.08373121952673102,41.42347324449494
5,5,2,0.9,pls,0.5358389976049361,20.984192928540807
50,5,1,0.99,linreg,0.9915168331738966,1.26877845166246
50,5,1,0.99,pcr,0.9913756873998525,1.2898888129604777
50,5,1,0.99,pls,0.9914701232780294,1.2757645820275163
50,5,2,0.99,linreg,0.9915168331738966,1.26877845166246
50,5,2,0.99,pcr,0.9919044165590428,1.2108098348267353
50,5,2,0.99,pls,0.9918286919028957,1.2221355359414918
25,5,1,0.99,linreg,0.9906078318018462,1.4047189959995285
25,5,1,0.99,pcr,0.9910691020764496,1.3357301210821715
25,5,1,0.99,pls,0.9909742025145337,1.3499235655055168
25,5,2,0.99,linreg,0.9906078318018462,1.4047189959995285
25,5,2,0.99,pcr,0.9910567670331767,1.3375749847213503
25,5,2,0.99,pls,0.9906338953318335,1.400820861415105
15,5,1,0.99,linreg,0.9847696933813759,2.2778685235141087
15,5,1,0.99,pcr,0.9904497888843233,1.428344539479762
15,5,1,0.99,pls,0.9904517097066492,1.4280572582828233
15,5,2,0.99,linreg,0.9847696933813759,2.2778685235141087
15,5,2,0.99,pcr,0.9904316181221707,1.431062187140592
15,5,2,0.99,pls,0.989885491553484,1.5127417325244645
10,5,1,0.99,linreg,0.9761091932992407,3.57307827227393
10,5,1,0.99,pcr,0.9886156836896606,1.702623681262074
10,5,1,0.99,pls,0.988640479804725,1.6989152062372137
10,5,2,0.99,linreg,0.9761091932992407,3.57307827227393
10,5,2,0.99,pcr,0.9888276940209748,1.6709156892379973
10,5,2,0.99,pls,0.9863470454151975,2.0419182989643514
5,5,1,0.99,linreg,0.9434849499890031,8.452107284658922
5,5,1,0.99,pcr,0.9827928941519007,2.5734084046341255
5,5,1,0.99,pls,0.9828548114608381,2.5641483626132135
5,5,2,0.99,linreg,0.9434849499890031,8.452107284658922
5,5,2,0.99,pcr,0.9830028903688504,2.5420024241973107
5,5,2,0.99,pls,0.955042767315369,6.723578122959065
